ts,run_id,schema_version,chain,token_address,token_symbol,token_name,pool_address,decision,reject_reasons,honeypot,sell_tax,buy_tax,can_mint,can_blacklist,can_pause,is_proxy
2026-06-21T11:07:21.119Z,ff0c824a-db7c-484b-b529-f143ff34b96e,1.0.0,ethereum,0xcf6f93bf836aaa039b735c7bbe733e132a470ebd,MOVE,Movement,0xcc39696870232e3f87a3aab937a8a2481a9b7684,CONTRACT_REJECT,owner_can_mint,false,0.00,0.00,true,false,false,false
2026-06-21T11:09:20.477Z,6a4914be-7f1b-4f93-a7a5-f91902eb9d87,1.0.0,ethereum,0xcf6f93bf836aaa039b735c7bbe733e132a470ebd,MOVE,Movement,0xcc39696870232e3f87a3aab937a8a2481a9b7684,CONTRACT_REJECT,owner_can_mint,false,0.00,0.00,true,false,false,false
2026-06-21T11:11:20.996Z,bbed1e0f-2581-45ef-9ff9-d39f8d06a2a3,1.0.0,ethereum,0x87f689c4d14d1b29790160903dbb2f0781bf783c,FLOW,Flow,0x52686f24727cdc64666c7a1ce07d28cb74f90053,CONTRACT_REJECT,owner_can_mint,false,0.00,0.00,true,false,false,false
2026-06-21T11:11:21.021Z,bbed1e0f-2581-45ef-9ff9-d39f8d06a2a3,1.0.0,ethereum,0xcf6f93bf836aaa039b735c7bbe733e132a470ebd,MOVE,Movement,0xcc39696870232e3f87a3aab937a8a2481a9b7684,CONTRACT_REJECT,owner_can_mint,false,0.00,0.00,true,false,false,false
2026-06-21T11:13:20.850Z,27f20572-14d4-4563-ac04-f15289f5066c,1.0.0,ethereum,0x3ce436dd6c26745a95b95a242359debb2b91296d,ONT,Ontology,0x132900f53a0c6cf201d84dd17790b298ff2bab0b,CONTRACT_REJECT,owner_can_mint,false,0.00,0.00,true,false,false,false
2026-06-21T11:13:20.888Z,27f20572-14d4-4563-ac04-f15289f5066c,1.0.0,ethereum,0x87f689c4d14d1b29790160903dbb2f0781bf783c,FLOW,Flow,0x52686f24727cdc64666c7a1ce07d28cb74f90053,CONTRACT_REJECT,owner_can_mint,false,0.00,0.00,true,false,false,false
2026-06-21T11:13:20.907Z,27f20572-14d4-4563-ac04-f15289f5066c,1.0.0,ethereum,0xcf6f93bf836aaa039b735c7bbe733e132a470ebd,MOVE,Movement,0xcc39696870232e3f87a3aab937a8a2481a9b7684,CONTRACT_REJECT,owner_can_mint,false,0.00,0.00,true,false,false,false
2026-06-21T11:15:20.565Z,b576db8a-a738-491a-acfb-397ab9649974,1.0.0,ethereum,0x3ce436dd6c26745a95b95a242359debb2b91296d,ONT,Ontology,0x132900f53a0c6cf201d84dd17790b298ff2bab0b,CONTRACT_REJECT,owner_can_mint,false,0.00,0.00,true,false,false,false
2026-06-21T11:15:20.597Z,b576db8a-a738-491a-acfb-397ab9649974,1.0.0,ethereum,0x87f689c4d14d1b29790160903dbb2f0781bf783c,FLOW,Flow,0x52686f24727cdc64666c7a1ce07d28cb74f90053,CONTRACT_REJECT,owner_can_mint,false,0.00,0.00,true,false,false,false
2026-06-21T11:15:20.636Z,b576db8a-a738-491a-acfb-397ab9649974,1.0.0,ethereum,0xcf6f93bf836aaa039b735c7bbe733e132a470ebd,MOVE,Movement,0xcc39696870232e3f87a3aab937a8a2481a9b7684,CONTRACT_REJECT,owner_can_mint,false,0.00,0.00,true,false,false,false
2026-06-21T11:17:20.624Z,1cc74257-c018-482f-a534-3d6ea593b404,1.0.0,ethereum,0x3ce436dd6c26745a95b95a242359debb2b91296d,ONT,Ontology,0x132900f53a0c6cf201d84dd17790b298ff2bab0b,CONTRACT_REJECT,owner_can_mint,false,0.00,0.00,true,false,false,false
2026-06-21T11:17:20.645Z,1cc74257-c018-482f-a534-3d6ea593b404,1.0.0,ethereum,0x87f689c4d14d1b29790160903dbb2f0781bf783c,FLOW,Flow,0x52686f24727cdc64666c7a1ce07d28cb74f90053,CONTRACT_REJECT,owner_can_mint,false,0.00,0.00,true,false,false,false
2026-06-21T11:17:20.693Z,1cc74257-c018-482f-a534-3d6ea593b404,1.0.0,ethereum,0xcf6f93bf836aaa039b735c7bbe733e132a470ebd,MOVE,Movement,0xcc39696870232e3f87a3aab937a8a2481a9b7684,CONTRACT_REJECT,owner_can_mint,false,0.00,0.00,true,false,false,false
2026-06-21T11:19:20.575Z,499800cb-2fc3-48b1-96d1-5435d6f9aa73,1.0.0,ethereum,0x3ce436dd6c26745a95b95a242359debb2b91296d,ONT,Ontology,0x132900f53a0c6cf201d84dd17790b298ff2bab0b,CONTRACT_REJECT,owner_can_mint,false,0.00,0.00,true,false,false,false
2026-06-21T11:19:20.613Z,499800cb-2fc3-48b1-96d1-5435d6f9aa73,1.0.0,ethereum,0x87f689c4d14d1b29790160903dbb2f0781bf783c,FLOW,Flow,0x52686f24727cdc64666c7a1ce07d28cb74f90053,CONTRACT_REJECT,owner_can_mint,false,0.00,0.00,true,false,false,false
2026-06-21T11:19:20.649Z,499800cb-2fc3-48b1-96d1-5435d6f9aa73,1.0.0,ethereum,0xcf6f93bf836aaa039b735c7bbe733e132a470ebd,MOVE,Movement,0xcc39696870232e3f87a3aab937a8a2481a9b7684,CONTRACT_REJECT,owner_can_mint,false,0.00,0.00,true,false,false,false
2026-06-21T11:21:20.595Z,9c07c2fb-fe61-4e93-9afc-d2247f7b3897,1.0.0,ethereum,0x3ce436dd6c26745a95b95a242359debb2b91296d,ONT,Ontology,0x132900f53a0c6cf201d84dd17790b298ff2bab0b,CONTRACT_REJECT,owner_can_mint,false,0.00,0.00,true,false,false,false
2026-06-21T11:21:20.633Z,9c07c2fb-fe61-4e93-9afc-d2247f7b3897,1.0.0,ethereum,0x87f689c4d14d1b29790160903dbb2f0781bf783c,FLOW,Flow,0x52686f24727cdc64666c7a1ce07d28cb74f90053,CONTRACT_REJECT,owner_can_mint,false,0.00,0.00,true,false,false,false
2026-06-21T11:21:20.656Z,9c07c2fb-fe61-4e93-9afc-d2247f7b3897,1.0.0,ethereum,0xcf6f93bf836aaa039b735c7bbe733e132a470ebd,MOVE,Movement,0xcc39696870232e3f87a3aab937a8a2481a9b7684,CONTRACT_REJECT,owner_can_mint,false,0.00,0.00,true,false,false,false
2026-06-21T11:23:20.777Z,293fecd5-593d-4b59-8be0-b0f5ca8164e2,1.0.0,ethereum,0x3ce436dd6c26745a95b95a242359debb2b91296d,ONT,Ontology,0x132900f53a0c6cf201d84dd17790b298ff2bab0b,CONTRACT_REJECT,owner_can_mint,false,0.00,0.00,true,false,false,false
2026-06-21T11:23:20.830Z,293fecd5-593d-4b59-8be0-b0f5ca8164e2,1.0.0,ethereum,0x87f689c4d14d1b29790160903dbb2f0781bf783c,FLOW,Flow,0x52686f24727cdc64666c7a1ce07d28cb74f90053,CONTRACT_REJECT,owner_can_mint,false,0.00,0.00,true,false,false,false
2026-06-21T11:23:20.867Z,293fecd5-593d-4b59-8be0-b0f5ca8164e2,1.0.0,ethereum,0xcf6f93bf836aaa039b735c7bbe733e132a470ebd,MOVE,Movement,0xcc39696870232e3f87a3aab937a8a2481a9b7684,CONTRACT_REJECT,owner_can_mint,false,0.00,0.00,true,false,false,false
2026-06-21T11:25:20.655Z,b5af66b3-1d5a-4401-9b3a-81eaacf426d6,1.0.0,ethereum,0x3ce436dd6c26745a95b95a242359debb2b91296d,ONT,Ontology,0x132900f53a0c6cf201d84dd17790b298ff2bab0b,CONTRACT_REJECT,owner_can_mint,false,0.00,0.00,true,false,false,false
2026-06-21T11:25:20.682Z,b5af66b3-1d5a-4401-9b3a-81eaacf426d6,1.0.0,ethereum,0x87f689c4d14d1b29790160903dbb2f0781bf783c,FLOW,Flow,0x52686f24727cdc64666c7a1ce07d28cb74f90053,CONTRACT_REJECT,owner_can_mint,false,0.00,0.00,true,false,false,false
2026-06-21T11:25:20.705Z,b5af66b3-1d5a-4401-9b3a-81eaacf426d6,1.0.0,ethereum,0xcf6f93bf836aaa039b735c7bbe733e132a470ebd,MOVE,Movement,0xcc39696870232e3f87a3aab937a8a2481a9b7684,CONTRACT_REJECT,owner_can_mint,false,0.00,0.00,true,false,false,false
2026-06-21T11:27:20.588Z,e071d4b1-d429-4d1a-b74f-186e170e785f,1.0.0,ethereum,0x3ce436dd6c26745a95b95a242359debb2b91296d,ONT,Ontology,0x132900f53a0c6cf201d84dd17790b298ff2bab0b,CONTRACT_REJECT,owner_can_mint,false,0.00,0.00,true,false,false,false
2026-06-21T11:27:20.597Z,e071d4b1-d429-4d1a-b74f-186e170e785f,1.0.0,ethereum,0x87f689c4d14d1b29790160903dbb2f0781bf783c,FLOW,Flow,0x52686f24727cdc64666c7a1ce07d28cb74f90053,CONTRACT_REJECT,owner_can_mint,false,0.00,0.00,true,false,false,false
2026-06-21T11:27:20.608Z,e071d4b1-d429-4d1a-b74f-186e170e785f,1.0.0,ethereum,0xcf6f93bf836aaa039b735c7bbe733e132a470ebd,MOVE,Movement,0xcc39696870232e3f87a3aab937a8a2481a9b7684,CONTRACT_REJECT,owner_can_mint,false,0.00,0.00,true,false,false,false
2026-06-21T11:29:20.956Z,f3859c19-4f13-4739-8a00-a5d4a0e7cb97,1.0.0,ethereum,0xe1991adca75a83ed6b75babcf3a17cc13ba2273a,ROBO,Fabric Protocol,0xb66b60a7940ee86de1e64e56d73bd7cc6b15a276,CONTRACT_REJECT,owner_can_mint,false,0.00,0.00,true,false,false,false
2026-06-21T11:29:20.963Z,f3859c19-4f13-4739-8a00-a5d4a0e7cb97,1.0.0,ethereum,0x3ce436dd6c26745a95b95a242359debb2b91296d,ONT,Ontology,0x132900f53a0c6cf201d84dd17790b298ff2bab0b,CONTRACT_REJECT,owner_can_mint,false,0.00,0.00,true,false,false,false
2026-06-21T11:29:20.969Z,f3859c19-4f13-4739-8a00-a5d4a0e7cb97,1.0.0,ethereum,0x87f689c4d14d1b29790160903dbb2f0781bf783c,FLOW,Flow,0x52686f24727cdc64666c7a1ce07d28cb74f90053,CONTRACT_REJECT,owner_can_mint,false,0.00,0.00,true,false,false,false
2026-06-21T11:29:20.975Z,f3859c19-4f13-4739-8a00-a5d4a0e7cb97,1.0.0,ethereum,0xcf6f93bf836aaa039b735c7bbe733e132a470ebd,MOVE,Movement,0xcc39696870232e3f87a3aab937a8a2481a9b7684,CONTRACT_REJECT,owner_can_mint,false,0.00,0.00,true,false,false,false
2026-06-21T11:31:29.466Z,3795b863-7ab7-4731-9045-1207f9d8a87f,1.0.0,ethereum,0xe1991adca75a83ed6b75babcf3a17cc13ba2273a,ROBO,Fabric Protocol,0xb66b60a7940ee86de1e64e56d73bd7cc6b15a276,CONTRACT_REJECT,owner_can_mint,false,0.00,0.00,true,false,false,false
2026-06-21T11:31:33.770Z,3795b863-7ab7-4731-9045-1207f9d8a87f,1.0.0,ethereum,0x3ce436dd6c26745a95b95a242359debb2b91296d,ONT,Ontology,0x132900f53a0c6cf201d84dd17790b298ff2bab0b,CONTRACT_REJECT,owner_can_mint,false,0.00,0.00,true,false,false,false
2026-06-21T11:31:38.111Z,3795b863-7ab7-4731-9045-1207f9d8a87f,1.0.0,ethereum,0x87f689c4d14d1b29790160903dbb2f0781bf783c,FLOW,Flow,0x52686f24727cdc64666c7a1ce07d28cb74f90053,CONTRACT_REJECT,owner_can_mint,false,0.00,0.00,true,false,false,false
2026-06-21T11:31:42.439Z,3795b863-7ab7-4731-9045-1207f9d8a87f,1.0.0,ethereum,0xcf6f93bf836aaa039b735c7bbe733e132a470ebd,MOVE,Movement,0xcc39696870232e3f87a3aab937a8a2481a9b7684,CONTRACT_REJECT,owner_can_mint,false,0.00,0.00,true,false,false,false
2026-06-21T11:33:29.311Z,3dc9b166-916b-4b96-a262-afbb2d77b4f7,1.0.0,ethereum,0xe1991adca75a83ed6b75babcf3a17cc13ba2273a,ROBO,Fabric Protocol,0xb66b60a7940ee86de1e64e56d73bd7cc6b15a276,CONTRACT_REJECT,owner_can_mint,false,0.00,0.00,true,false,false,false
2026-06-21T11:33:33.624Z,3dc9b166-916b-4b96-a262-afbb2d77b4f7,1.0.0,ethereum,0x3ce436dd6c26745a95b95a242359debb2b91296d,ONT,Ontology,0x132900f53a0c6cf201d84dd17790b298ff2bab0b,CONTRACT_REJECT,owner_can_mint,false,0.00,0.00,true,false,false,false
2026-06-21T11:33:37.958Z,3dc9b166-916b-4b96-a262-afbb2d77b4f7,1.0.0,ethereum,0x87f689c4d14d1b29790160903dbb2f0781bf783c,FLOW,Flow,0x52686f24727cdc64666c7a1ce07d28cb74f90053,CONTRACT_REJECT,owner_can_mint,false,0.00,0.00,true,false,false,false
2026-06-21T11:33:42.297Z,3dc9b166-916b-4b96-a262-afbb2d77b4f7,1.0.0,ethereum,0xcf6f93bf836aaa039b735c7bbe733e132a470ebd,MOVE,Movement,0xcc39696870232e3f87a3aab937a8a2481a9b7684,CONTRACT_REJECT,owner_can_mint,false,0.00,0.00,true,false,false,false
2026-06-21T11:35:29.258Z,ea99f79a-e1ab-4cfe-b750-5b668a8cc5bc,1.0.0,ethereum,0xe1991adca75a83ed6b75babcf3a17cc13ba2273a,ROBO,Fabric Protocol,0xb66b60a7940ee86de1e64e56d73bd7cc6b15a276,CONTRACT_REJECT,owner_can_mint,false,0.00,0.00,true,false,false,false
2026-06-21T11:35:33.655Z,ea99f79a-e1ab-4cfe-b750-5b668a8cc5bc,1.0.0,ethereum,0x3ce436dd6c26745a95b95a242359debb2b91296d,ONT,Ontology,0x132900f53a0c6cf201d84dd17790b298ff2bab0b,CONTRACT_REJECT,owner_can_mint,false,0.00,0.00,true,false,false,false
2026-06-21T11:35:37.963Z,ea99f79a-e1ab-4cfe-b750-5b668a8cc5bc,1.0.0,ethereum,0x87f689c4d14d1b29790160903dbb2f0781bf783c,FLOW,Flow,0x52686f24727cdc64666c7a1ce07d28cb74f90053,CONTRACT_REJECT,owner_can_mint,false,0.00,0.00,true,false,false,false
2026-06-21T11:35:42.302Z,ea99f79a-e1ab-4cfe-b750-5b668a8cc5bc,1.0.0,ethereum,0xcf6f93bf836aaa039b735c7bbe733e132a470ebd,MOVE,Movement,0xcc39696870232e3f87a3aab937a8a2481a9b7684,CONTRACT_REJECT,owner_can_mint,false,0.00,0.00,true,false,false,false
2026-06-21T11:37:29.317Z,ea14c2f6-4de0-4078-9895-1ce602b9fa98,1.0.0,ethereum,0xe1991adca75a83ed6b75babcf3a17cc13ba2273a,ROBO,Fabric Protocol,0xb66b60a7940ee86de1e64e56d73bd7cc6b15a276,CONTRACT_REJECT,owner_can_mint,false,0.00,0.00,true,false,false,false
2026-06-21T11:37:33.641Z,ea14c2f6-4de0-4078-9895-1ce602b9fa98,1.0.0,ethereum,0x3ce436dd6c26745a95b95a242359debb2b91296d,ONT,Ontology,0x132900f53a0c6cf201d84dd17790b298ff2bab0b,CONTRACT_REJECT,owner_can_mint,false,0.00,0.00,true,false,false,false
2026-06-21T11:37:37.984Z,ea14c2f6-4de0-4078-9895-1ce602b9fa98,1.0.0,ethereum,0x87f689c4d14d1b29790160903dbb2f0781bf783c,FLOW,Flow,0x52686f24727cdc64666c7a1ce07d28cb74f90053,CONTRACT_REJECT,owner_can_mint,false,0.00,0.00,true,false,false,false
2026-06-21T11:37:42.328Z,ea14c2f6-4de0-4078-9895-1ce602b9fa98,1.0.0,ethereum,0xcf6f93bf836aaa039b735c7bbe733e132a470ebd,MOVE,Movement,0xcc39696870232e3f87a3aab937a8a2481a9b7684,CONTRACT_REJECT,owner_can_mint,false,0.00,0.00,true,false,false,false
2026-06-21T11:39:29.256Z,6002a164-6912-4722-a57c-d91b6a74b6b7,1.0.0,ethereum,0xe1991adca75a83ed6b75babcf3a17cc13ba2273a,ROBO,Fabric Protocol,0xb66b60a7940ee86de1e64e56d73bd7cc6b15a276,CONTRACT_REJECT,owner_can_mint,false,0.00,0.00,true,false,false,false
2026-06-21T11:39:33.556Z,6002a164-6912-4722-a57c-d91b6a74b6b7,1.0.0,ethereum,0x3ce436dd6c26745a95b95a242359debb2b91296d,ONT,Ontology,0x132900f53a0c6cf201d84dd17790b298ff2bab0b,CONTRACT_REJECT,owner_can_mint,false,0.00,0.00,true,false,false,false
2026-06-21T11:39:37.895Z,6002a164-6912-4722-a57c-d91b6a74b6b7,1.0.0,ethereum,0x87f689c4d14d1b29790160903dbb2f0781bf783c,FLOW,Flow,0x52686f24727cdc64666c7a1ce07d28cb74f90053,CONTRACT_REJECT,owner_can_mint,false,0.00,0.00,true,false,false,false
2026-06-21T11:39:42.195Z,6002a164-6912-4722-a57c-d91b6a74b6b7,1.0.0,ethereum,0xcf6f93bf836aaa039b735c7bbe733e132a470ebd,MOVE,Movement,0xcc39696870232e3f87a3aab937a8a2481a9b7684,CONTRACT_REJECT,owner_can_mint,false,0.00,0.00,true,false,false,false
2026-06-21T11:41:24.985Z,7afbfd67-a18a-44b5-908d-c00e74204c34,1.0.0,ethereum,0xb32e612b903fe377a98a9ff46ed9fa7aa522886e,DUSK,Dusk,0xae1782fa4636bce7a171ff59558e85d6350bb8b1,CONTRACT_REJECT,owner_can_mint,false,,,true,false,false,false
2026-06-21T11:41:33.629Z,7afbfd67-a18a-44b5-908d-c00e74204c34,1.0.0,ethereum,0xe1991adca75a83ed6b75babcf3a17cc13ba2273a,ROBO,Fabric Protocol,0xb66b60a7940ee86de1e64e56d73bd7cc6b15a276,CONTRACT_REJECT,owner_can_mint,false,0.00,0.00,true,false,false,false
2026-06-21T11:41:37.959Z,7afbfd67-a18a-44b5-908d-c00e74204c34,1.0.0,ethereum,0x3ce436dd6c26745a95b95a242359debb2b91296d,ONT,Ontology,0x132900f53a0c6cf201d84dd17790b298ff2bab0b,CONTRACT_REJECT,owner_can_mint,false,0.00,0.00,true,false,false,false
2026-06-21T11:41:42.276Z,7afbfd67-a18a-44b5-908d-c00e74204c34,1.0.0,ethereum,0x87f689c4d14d1b29790160903dbb2f0781bf783c,FLOW,Flow,0x52686f24727cdc64666c7a1ce07d28cb74f90053,CONTRACT_REJECT,owner_can_mint,false,0.00,0.00,true,false,false,false
2026-06-21T11:41:46.619Z,7afbfd67-a18a-44b5-908d-c00e74204c34,1.0.0,ethereum,0xcf6f93bf836aaa039b735c7bbe733e132a470ebd,MOVE,Movement,0xcc39696870232e3f87a3aab937a8a2481a9b7684,CONTRACT_REJECT,owner_can_mint,false,0.00,0.00,true,false,false,false
2026-06-21T11:43:25.204Z,1af117c0-6553-4583-b67e-1cb9c4b69744,1.0.0,ethereum,0xb32e612b903fe377a98a9ff46ed9fa7aa522886e,DUSK,Dusk,0xae1782fa4636bce7a171ff59558e85d6350bb8b1,CONTRACT_REJECT,owner_can_mint,false,,,true,false,false,false
2026-06-21T11:43:33.899Z,1af117c0-6553-4583-b67e-1cb9c4b69744,1.0.0,ethereum,0xe1991adca75a83ed6b75babcf3a17cc13ba2273a,ROBO,Fabric Protocol,0xb66b60a7940ee86de1e64e56d73bd7cc6b15a276,CONTRACT_REJECT,owner_can_mint,false,0.00,0.00,true,false,false,false
2026-06-21T11:43:38.222Z,1af117c0-6553-4583-b67e-1cb9c4b69744,1.0.0,ethereum,0x3ce436dd6c26745a95b95a242359debb2b91296d,ONT,Ontology,0x132900f53a0c6cf201d84dd17790b298ff2bab0b,CONTRACT_REJECT,owner_can_mint,false,0.00,0.00,true,false,false,false
2026-06-21T11:43:42.541Z,1af117c0-6553-4583-b67e-1cb9c4b69744,1.0.0,ethereum,0x87f689c4d14d1b29790160903dbb2f0781bf783c,FLOW,Flow,0x52686f24727cdc64666c7a1ce07d28cb74f90053,CONTRACT_REJECT,owner_can_mint,false,0.00,0.00,true,false,false,false
2026-06-21T11:43:46.868Z,1af117c0-6553-4583-b67e-1cb9c4b69744,1.0.0,ethereum,0xcf6f93bf836aaa039b735c7bbe733e132a470ebd,MOVE,Movement,0xcc39696870232e3f87a3aab937a8a2481a9b7684,CONTRACT_REJECT,owner_can_mint,false,0.00,0.00,true,false,false,false
2026-06-21T11:45:25.022Z,57e9fcdf-abca-48f9-bc75-b56c919f4232,1.0.0,ethereum,0xb32e612b903fe377a98a9ff46ed9fa7aa522886e,DUSK,Dusk,0xae1782fa4636bce7a171ff59558e85d6350bb8b1,CONTRACT_REJECT,owner_can_mint,false,0.00,0.00,true,false,false,false
2026-06-21T11:45:33.659Z,57e9fcdf-abca-48f9-bc75-b56c919f4232,1.0.0,ethereum,0xe1991adca75a83ed6b75babcf3a17cc13ba2273a,ROBO,Fabric Protocol,0xb66b60a7940ee86de1e64e56d73bd7cc6b15a276,CONTRACT_REJECT,owner_can_mint,false,0.00,0.00,true,false,false,false
2026-06-21T11:45:38.007Z,57e9fcdf-abca-48f9-bc75-b56c919f4232,1.0.0,ethereum,0x3ce436dd6c26745a95b95a242359debb2b91296d,ONT,Ontology,0x132900f53a0c6cf201d84dd17790b298ff2bab0b,CONTRACT_REJECT,owner_can_mint,false,0.00,0.00,true,false,false,false
2026-06-21T11:45:42.308Z,57e9fcdf-abca-48f9-bc75-b56c919f4232,1.0.0,ethereum,0x87f689c4d14d1b29790160903dbb2f0781bf783c,FLOW,Flow,0x52686f24727cdc64666c7a1ce07d28cb74f90053,CONTRACT_REJECT,owner_can_mint,false,0.00,0.00,true,false,false,false
2026-06-21T11:45:46.611Z,57e9fcdf-abca-48f9-bc75-b56c919f4232,1.0.0,ethereum,0xcf6f93bf836aaa039b735c7bbe733e132a470ebd,MOVE,Movement,0xcc39696870232e3f87a3aab937a8a2481a9b7684,CONTRACT_REJECT,owner_can_mint,false,0.00,0.00,true,false,false,false
2026-06-21T11:47:25.194Z,8bed39ab-73f8-4d2d-98c7-f53a5d049624,1.0.0,ethereum,0xb32e612b903fe377a98a9ff46ed9fa7aa522886e,DUSK,Dusk,0xae1782fa4636bce7a171ff59558e85d6350bb8b1,CONTRACT_REJECT,owner_can_mint,false,0.00,0.00,true,false,false,false
2026-06-21T11:47:34.080Z,8bed39ab-73f8-4d2d-98c7-f53a5d049624,1.0.0,ethereum,0xe1991adca75a83ed6b75babcf3a17cc13ba2273a,ROBO,Fabric Protocol,0xb66b60a7940ee86de1e64e56d73bd7cc6b15a276,CONTRACT_REJECT,owner_can_mint,false,0.00,0.00,true,false,false,false
2026-06-21T11:47:38.387Z,8bed39ab-73f8-4d2d-98c7-f53a5d049624,1.0.0,ethereum,0x3ce436dd6c26745a95b95a242359debb2b91296d,ONT,Ontology,0x132900f53a0c6cf201d84dd17790b298ff2bab0b,CONTRACT_REJECT,owner_can_mint,false,0.00,0.00,true,false,false,false
2026-06-21T11:47:42.706Z,8bed39ab-73f8-4d2d-98c7-f53a5d049624,1.0.0,ethereum,0x87f689c4d14d1b29790160903dbb2f0781bf783c,FLOW,Flow,0x52686f24727cdc64666c7a1ce07d28cb74f90053,CONTRACT_REJECT,owner_can_mint,false,0.00,0.00,true,false,false,false
2026-06-21T11:47:47.054Z,8bed39ab-73f8-4d2d-98c7-f53a5d049624,1.0.0,ethereum,0xcf6f93bf836aaa039b735c7bbe733e132a470ebd,MOVE,Movement,0xcc39696870232e3f87a3aab937a8a2481a9b7684,CONTRACT_REJECT,owner_can_mint,false,0.00,0.00,true,false,false,false
2026-06-21T13:45:35.822Z,37986818-340c-4dfc-b387-654c18536c91,1.0.0,ethereum,0xeb1d7f8632528087fa833883707c3aa82768e4f7,MTL,Metal DAO,0x7dc49257c63b7838a82e781814a7151e304fe4f8,CONTRACT_REJECT,owner_can_mint,false,0.00,0.00,true,false,false,false
2026-06-21T13:45:37.797Z,37986818-340c-4dfc-b387-654c18536c91,1.0.0,ethereum,0x14210f59d21a95b950aeb5ab4698e46f9b564fef,AIXBT,aixbt by Virtuals,0xc52a711e7f02c0e647155a0dfa732b47f5be16a8,CONTRACT_REJECT,owner_can_mint,false,0.00,0.00,true,false,false,false
2026-06-21T13:45:39.819Z,37986818-340c-4dfc-b387-654c18536c91,1.0.0,ethereum,0xed72eaf90595354210916dbd188d3123378ad3f6,SPELL,Spell Token,0xf47790363468f9f23cf3fd2a24dc72fd3c92c898,CONTRACT_REJECT,owner_can_mint,false,,,true,false,false,false
2026-06-21T13:45:41.814Z,37986818-340c-4dfc-b387-654c18536c91,1.0.0,ethereum,0xb04c8579552b7e992d90d98117afa2ff88b02eda,METIS,MetisDAO,0x8899331a0a9e9fd0853a76103db34a1209a0d759,CONTRACT_REJECT,owner_can_mint,false,0.00,0.00,true,false,false,false
2026-06-21T13:45:43.841Z,37986818-340c-4dfc-b387-654c18536c91,1.0.0,ethereum,0xb6e354fb565cee051d00e1dc67376b06b2b5109d,CVC,Civic,0xb645b67f535ae6bc4abf5c1c44218a7f8f2f81e4,CONTRACT_REJECT,owner_can_mint,false,0.00,0.00,true,false,false,false
2026-06-21T13:45:47.857Z,37986818-340c-4dfc-b387-654c18536c91,1.0.0,ethereum,0x7e13d0a17ba8e78644583ffa5b5e505d4c5d9159,PNUT,Peanut the Squirrel,0xed83ded81fecc353d15b89a4db6e1074069b67ea,CONTRACT_REJECT,owner_can_mint,false,0.00,0.00,true,false,false,false
2026-06-21T13:45:51.948Z,37986818-340c-4dfc-b387-654c18536c91,1.0.0,ethereum,0xca629bfa659b987a046747da0726ee21fd35d15c,ESP,Espresso,0xad1a87da427266587cb0ffa3956e68d8c0cf0ec0,CONTRACT_REJECT,owner_can_mint,false,0.00,0.00,true,false,false,false
2026-06-21T13:45:59.945Z,37986818-340c-4dfc-b387-654c18536c91,1.0.0,ethereum,0xfe8e4dcfbcc873df8a87f33ee100f150c92d5862,AMP,AMP,0xf95b0942f9d57619877717aac99b4ffd96073cfc,CONTRACT_REJECT,owner_can_mint,false,0.00,0.00,true,false,false,false
2026-06-21T13:46:03.906Z,37986818-340c-4dfc-b387-654c18536c91,1.0.0,ethereum,0x2658d884d6a34dc3ac7f04282d2a9da7e42d9b03,BANK,Lorenzo Protocol,0xef5719f07bcfca5b6f0dd2a909f1e999937cb618,CONTRACT_REJECT,owner_can_mint,false,0.00,0.00,true,false,false,false
2026-06-21T13:46:57.680Z,9caef0bf-323b-4b1e-b9a6-440f4208df6b,1.0.0,ethereum,0xeb1d7f8632528087fa833883707c3aa82768e4f7,MTL,Metal DAO,0x7dc49257c63b7838a82e781814a7151e304fe4f8,CONTRACT_REJECT,owner_can_mint,false,0.00,0.00,true,false,false,false
2026-06-21T13:46:57.681Z,9caef0bf-323b-4b1e-b9a6-440f4208df6b,1.0.0,ethereum,0x14210f59d21a95b950aeb5ab4698e46f9b564fef,AIXBT,aixbt by Virtuals,0xc52a711e7f02c0e647155a0dfa732b47f5be16a8,CONTRACT_REJECT,owner_can_mint,false,0.00,0.00,true,false,false,false
2026-06-21T13:46:57.683Z,9caef0bf-323b-4b1e-b9a6-440f4208df6b,1.0.0,ethereum,0xed72eaf90595354210916dbd188d3123378ad3f6,SPELL,Spell Token,0xf47790363468f9f23cf3fd2a24dc72fd3c92c898,CONTRACT_REJECT,owner_can_mint,false,,,true,false,false,false
2026-06-21T13:46:57.684Z,9caef0bf-323b-4b1e-b9a6-440f4208df6b,1.0.0,ethereum,0xb04c8579552b7e992d90d98117afa2ff88b02eda,METIS,MetisDAO,0x8899331a0a9e9fd0853a76103db34a1209a0d759,CONTRACT_REJECT,owner_can_mint,false,0.00,0.00,true,false,false,false
2026-06-21T13:46:57.685Z,9caef0bf-323b-4b1e-b9a6-440f4208df6b,1.0.0,ethereum,0xb6e354fb565cee051d00e1dc67376b06b2b5109d,CVC,Civic,0xb645b67f535ae6bc4abf5c1c44218a7f8f2f81e4,CONTRACT_REJECT,owner_can_mint,false,0.00,0.00,true,false,false,false
2026-06-21T13:46:57.698Z,9caef0bf-323b-4b1e-b9a6-440f4208df6b,1.0.0,ethereum,0x7e13d0a17ba8e78644583ffa5b5e505d4c5d9159,PNUT,Peanut the Squirrel,0xed83ded81fecc353d15b89a4db6e1074069b67ea,CONTRACT_REJECT,owner_can_mint,false,0.00,0.00,true,false,false,false
2026-06-21T13:46:57.710Z,9caef0bf-323b-4b1e-b9a6-440f4208df6b,1.0.0,ethereum,0xca629bfa659b987a046747da0726ee21fd35d15c,ESP,Espresso,0xad1a87da427266587cb0ffa3956e68d8c0cf0ec0,CONTRACT_REJECT,owner_can_mint,false,0.00,0.00,true,false,false,false
2026-06-21T13:46:59.634Z,9caef0bf-323b-4b1e-b9a6-440f4208df6b,1.0.0,ethereum,0x28d74ff3004e6d7e7f99db54ad07b8383a15d45a,EDU,Open Campus,0xf49fdab1bca496463ff8efacea87b522abe27293,CONTRACT_REJECT,owner_can_mint,false,0.00,0.00,true,false,false,false
2026-06-21T13:47:03.624Z,9caef0bf-323b-4b1e-b9a6-440f4208df6b,1.0.0,ethereum,0x1475b20510f0450f98ce4419eefe76d6fa8201ea,AUCTION,Auction,0x70a6d8a9f8ffbbfc70c6b51c8be70718592dc5e5,CONTRACT_REJECT,owner_can_mint,false,0.00,0.00,true,false,false,false
2026-06-21T13:47:03.628Z,9caef0bf-323b-4b1e-b9a6-440f4208df6b,1.0.0,ethereum,0xfe8e4dcfbcc873df8a87f33ee100f150c92d5862,AMP,AMP,0xf95b0942f9d57619877717aac99b4ffd96073cfc,CONTRACT_REJECT,owner_can_mint,false,0.00,0.00,true,false,false,false
2026-06-21T13:51:11.919Z,3171b33a-5677-47f6-b8d4-a1d98653bad5,1.0.0,ethereum,0x48d2aca515058c349998ab6fe46d6aefd64fdd4a,STRAX,Xertra,0xe92bb7a0a837056763c443d4eec4c1087696ed3f,CONTRACT_REJECT,owner_can_mint,false,0.00,0.00,true,false,false,false
2026-06-21T13:51:13.623Z,3171b33a-5677-47f6-b8d4-a1d98653bad5,1.0.0,ethereum,0x33f395f3904b97594f723a8f5f9ac06641e43ea2,AUDIO,Audius,0xfd33eb3f041d9a3238e4e3aec6e2bd36493ad0a6,CONTRACT_REJECT,owner_can_mint,false,0.00,0.00,true,false,false,false
2026-06-21T13:51:15.605Z,3171b33a-5677-47f6-b8d4-a1d98653bad5,1.0.0,ethereum,0x99004452e8d7d3d17dc42208b45a3e971271f44a,ONE,Harmony,0x2cc6805196081b1060e12e3bb0067c88cc3e340a,CONTRACT_REJECT,owner_can_mint,false,0.00,0.00,true,false,false,false
2026-06-21T13:51:17.624Z,3171b33a-5677-47f6-b8d4-a1d98653bad5,1.0.0,ethereum,0x886754e057d7efa4fc89e149955167d5d88a1ed0,ANIME,Animecoin,0xd7e40af187902d372acb281fbf993573bbb6e4d4,CONTRACT_REJECT,owner_can_mint,false,0.00,0.00,true,false,false,false
2026-06-21T13:51:17.651Z,3171b33a-5677-47f6-b8d4-a1d98653bad5,1.0.0,ethereum,0xeb1d7f8632528087fa833883707c3aa82768e4f7,MTL,Metal DAO,0x7dc49257c63b7838a82e781814a7151e304fe4f8,CONTRACT_REJECT,owner_can_mint,false,0.00,0.00,true,false,false,false
2026-06-21T13:51:17.652Z,3171b33a-5677-47f6-b8d4-a1d98653bad5,1.0.0,ethereum,0x14210f59d21a95b950aeb5ab4698e46f9b564fef,AIXBT,aixbt by Virtuals,0xc52a711e7f02c0e647155a0dfa732b47f5be16a8,CONTRACT_REJECT,owner_can_mint,false,0.00,0.00,true,false,false,false
2026-06-21T13:51:17.654Z,3171b33a-5677-47f6-b8d4-a1d98653bad5,1.0.0,ethereum,0xed72eaf90595354210916dbd188d3123378ad3f6,SPELL,Spell Token,0xf47790363468f9f23cf3fd2a24dc72fd3c92c898,CONTRACT_REJECT,owner_can_mint,false,,,true,false,false,false
2026-06-21T13:51:17.656Z,3171b33a-5677-47f6-b8d4-a1d98653bad5,1.0.0,ethereum,0xb04c8579552b7e992d90d98117afa2ff88b02eda,METIS,MetisDAO,0x8899331a0a9e9fd0853a76103db34a1209a0d759,CONTRACT_REJECT,owner_can_mint,false,0.00,0.00,true,false,false,false
2026-06-21T13:51:17.657Z,3171b33a-5677-47f6-b8d4-a1d98653bad5,1.0.0,ethereum,0xb6e354fb565cee051d00e1dc67376b06b2b5109d,CVC,Civic,0xb645b67f535ae6bc4abf5c1c44218a7f8f2f81e4,CONTRACT_REJECT,owner_can_mint,false,0.00,0.00,true,false,false,false
2026-06-21T13:51:17.671Z,3171b33a-5677-47f6-b8d4-a1d98653bad5,1.0.0,ethereum,0x7e13d0a17ba8e78644583ffa5b5e505d4c5d9159,PNUT,Peanut the Squirrel,0xed83ded81fecc353d15b89a4db6e1074069b67ea,CONTRACT_REJECT,owner_can_mint,false,0.00,0.00,true,false,false,false
2026-06-21T13:51:17.685Z,3171b33a-5677-47f6-b8d4-a1d98653bad5,1.0.0,ethereum,0xca629bfa659b987a046747da0726ee21fd35d15c,ESP,Espresso,0xad1a87da427266587cb0ffa3956e68d8c0cf0ec0,CONTRACT_REJECT,owner_can_mint,false,0.00,0.00,true,false,false,false
2026-06-21T13:53:11.336Z,46681b8b-7d44-450a-8bfa-e29b61cb6bf7,1.0.0,ethereum,0x48d2aca515058c349998ab6fe46d6aefd64fdd4a,STRAX,Xertra,0xe92bb7a0a837056763c443d4eec4c1087696ed3f,CONTRACT_REJECT,owner_can_mint,false,0.00,0.00,true,false,false,false
2026-06-21T13:53:11.338Z,46681b8b-7d44-450a-8bfa-e29b61cb6bf7,1.0.0,ethereum,0x33f395f3904b97594f723a8f5f9ac06641e43ea2,AUDIO,Audius,0xfd33eb3f041d9a3238e4e3aec6e2bd36493ad0a6,CONTRACT_REJECT,owner_can_mint,false,0.00,0.00,true,false,false,false
2026-06-21T13:53:11.339Z,46681b8b-7d44-450a-8bfa-e29b61cb6bf7,1.0.0,ethereum,0x99004452e8d7d3d17dc42208b45a3e971271f44a,ONE,Harmony,0x2cc6805196081b1060e12e3bb0067c88cc3e340a,CONTRACT_REJECT,owner_can_mint,false,0.00,0.00,true,false,false,false
2026-06-21T13:53:11.341Z,46681b8b-7d44-450a-8bfa-e29b61cb6bf7,1.0.0,ethereum,0x886754e057d7efa4fc89e149955167d5d88a1ed0,ANIME,Animecoin,0xd7e40af187902d372acb281fbf993573bbb6e4d4,CONTRACT_REJECT,owner_can_mint,false,0.00,0.00,true,false,false,false
2026-06-21T13:53:11.355Z,46681b8b-7d44-450a-8bfa-e29b61cb6bf7,1.0.0,ethereum,0xeb1d7f8632528087fa833883707c3aa82768e4f7,MTL,Metal DAO,0x7dc49257c63b7838a82e781814a7151e304fe4f8,CONTRACT_REJECT,owner_can_mint,false,0.00,0.00,true,false,false,false
2026-06-21T13:53:11.356Z,46681b8b-7d44-450a-8bfa-e29b61cb6bf7,1.0.0,ethereum,0x14210f59d21a95b950aeb5ab4698e46f9b564fef,AIXBT,aixbt by Virtuals,0xc52a711e7f02c0e647155a0dfa732b47f5be16a8,CONTRACT_REJECT,owner_can_mint,false,0.00,0.00,true,false,false,false
2026-06-21T13:53:11.358Z,46681b8b-7d44-450a-8bfa-e29b61cb6bf7,1.0.0,ethereum,0xed72eaf90595354210916dbd188d3123378ad3f6,SPELL,Spell Token,0xf47790363468f9f23cf3fd2a24dc72fd3c92c898,CONTRACT_REJECT,owner_can_mint,false,,,true,false,false,false
2026-06-21T13:53:11.359Z,46681b8b-7d44-450a-8bfa-e29b61cb6bf7,1.0.0,ethereum,0xb04c8579552b7e992d90d98117afa2ff88b02eda,METIS,MetisDAO,0x8899331a0a9e9fd0853a76103db34a1209a0d759,CONTRACT_REJECT,owner_can_mint,false,0.00,0.00,true,false,false,false
2026-06-21T13:53:11.361Z,46681b8b-7d44-450a-8bfa-e29b61cb6bf7,1.0.0,ethereum,0xb6e354fb565cee051d00e1dc67376b06b2b5109d,CVC,Civic,0xb645b67f535ae6bc4abf5c1c44218a7f8f2f81e4,CONTRACT_REJECT,owner_can_mint,false,0.00,0.00,true,false,false,false
2026-06-21T13:53:11.374Z,46681b8b-7d44-450a-8bfa-e29b61cb6bf7,1.0.0,ethereum,0x7e13d0a17ba8e78644583ffa5b5e505d4c5d9159,PNUT,Peanut the Squirrel,0xed83ded81fecc353d15b89a4db6e1074069b67ea,CONTRACT_REJECT,owner_can_mint,false,0.00,0.00,true,false,false,false
2026-06-21T13:56:15.816Z,43b2c100-5f42-448f-99f6-2f7938e6d060,1.0.0,ethereum,0xc49a2c8ab4f1d07bd1ea7eb013618983173d0dff,AQUA,Aqua Life,0xe83f5a4322c53c75517275b451ecfae0ab1894b9,CONTRACT_REJECT,honeypot_detected;cannot_sell;sell_tax_100.0pct,true,100.00,0.00,,,,
2026-06-21T13:56:15.830Z,43b2c100-5f42-448f-99f6-2f7938e6d060,1.0.0,ethereum,0x48d2aca515058c349998ab6fe46d6aefd64fdd4a,STRAX,Xertra,0xe92bb7a0a837056763c443d4eec4c1087696ed3f,CONTRACT_REJECT,owner_can_mint,false,0.00,0.00,true,false,false,false
2026-06-21T13:56:15.833Z,43b2c100-5f42-448f-99f6-2f7938e6d060,1.0.0,ethereum,0x33f395f3904b97594f723a8f5f9ac06641e43ea2,AUDIO,Audius,0xfd33eb3f041d9a3238e4e3aec6e2bd36493ad0a6,CONTRACT_REJECT,owner_can_mint,false,0.00,0.00,true,false,false,false
2026-06-21T13:56:15.835Z,43b2c100-5f42-448f-99f6-2f7938e6d060,1.0.0,ethereum,0x99004452e8d7d3d17dc42208b45a3e971271f44a,ONE,Harmony,0x2cc6805196081b1060e12e3bb0067c88cc3e340a,CONTRACT_REJECT,owner_can_mint,false,0.00,0.00,true,false,false,false
2026-06-21T13:56:15.837Z,43b2c100-5f42-448f-99f6-2f7938e6d060,1.0.0,ethereum,0x886754e057d7efa4fc89e149955167d5d88a1ed0,ANIME,Animecoin,0xd7e40af187902d372acb281fbf993573bbb6e4d4,CONTRACT_REJECT,owner_can_mint,false,0.00,0.00,true,false,false,false
2026-06-21T13:56:15.871Z,43b2c100-5f42-448f-99f6-2f7938e6d060,1.0.0,ethereum,0xeb1d7f8632528087fa833883707c3aa82768e4f7,MTL,Metal DAO,0x7dc49257c63b7838a82e781814a7151e304fe4f8,CONTRACT_REJECT,owner_can_mint,false,0.00,0.00,true,false,false,false
2026-06-21T13:56:15.873Z,43b2c100-5f42-448f-99f6-2f7938e6d060,1.0.0,ethereum,0x14210f59d21a95b950aeb5ab4698e46f9b564fef,AIXBT,aixbt by Virtuals,0xc52a711e7f02c0e647155a0dfa732b47f5be16a8,CONTRACT_REJECT,owner_can_mint,false,0.00,0.00,true,false,false,false
2026-06-21T13:56:15.875Z,43b2c100-5f42-448f-99f6-2f7938e6d060,1.0.0,ethereum,0xed72eaf90595354210916dbd188d3123378ad3f6,SPELL,Spell Token,0xf47790363468f9f23cf3fd2a24dc72fd3c92c898,CONTRACT_REJECT,owner_can_mint,false,,,true,false,false,false
2026-06-21T13:56:15.878Z,43b2c100-5f42-448f-99f6-2f7938e6d060,1.0.0,ethereum,0xb04c8579552b7e992d90d98117afa2ff88b02eda,METIS,MetisDAO,0x8899331a0a9e9fd0853a76103db34a1209a0d759,CONTRACT_REJECT,owner_can_mint,false,0.00,0.00,true,false,false,false
2026-06-21T13:56:15.879Z,43b2c100-5f42-448f-99f6-2f7938e6d060,1.0.0,ethereum,0xb6e354fb565cee051d00e1dc67376b06b2b5109d,CVC,Civic,0xb645b67f535ae6bc4abf5c1c44218a7f8f2f81e4,CONTRACT_REJECT,owner_can_mint,false,0.00,0.00,true,false,false,false
2026-06-21T13:56:15.897Z,43b2c100-5f42-448f-99f6-2f7938e6d060,1.0.0,ethereum,0x7e13d0a17ba8e78644583ffa5b5e505d4c5d9159,PNUT,Peanut the Squirrel,0xed83ded81fecc353d15b89a4db6e1074069b67ea,CONTRACT_REJECT,owner_can_mint,false,0.00,0.00,true,false,false,false
