ts,run_id,schema_version,chain,token_address,token_symbol,source,verified,honeypot,buy_tax,sell_tax,can_mint,can_blacklist,can_pause,is_proxy,owner_renounced,lp_locked_or_burned,hard_reject,reject_reason,token_name,goplus_queried,honeypot_queried,decision,reject_reasons
2026-06-21T08:30:26.306Z,bf87938a-5621-46a4-b73e-5e21e2fc3379,1.0.0,base,0xe7bfdc3894b76d784a04194e782804914184e800,openhuman,goplus,true,false,,,false,false,false,false,,,false,,openhuman,true,true,CONTRACT_SAFE,
2026-06-21T08:30:28.012Z,bf87938a-5621-46a4-b73e-5e21e2fc3379,1.0.0,base,0x6417addde26ab0e0aae8776542e1d5815aa3db07,ok,goplus,true,false,,,false,false,false,false,false,,false,,👍,true,false,CONTRACT_SAFE,
2026-06-21T08:30:30.018Z,bf87938a-5621-46a4-b73e-5e21e2fc3379,1.0.0,base,0xd72430395e5b2eb2a496d167cc4eda7c067d6991,girls help girls,goplus,true,false,,,false,false,false,false,,,false,,girls help girls,true,false,CONTRACT_SAFE,
2026-06-21T08:30:32.018Z,bf87938a-5621-46a4-b73e-5e21e2fc3379,1.0.0,base,0x2253d3c07c90b238a1824807ce676b0605288475,OPL,goplus,true,false,,,false,false,false,false,,false,false,,OpenLayer,true,false,CONTRACT_SAFE,
2026-06-21T08:32:25.956Z,3bf08afa-974b-41f3-b6af-62472352dec9,1.0.0,base,0x8e5fc08442e075f31017f6d42548f08186678c06,NEXUS,goplus,true,false,,,false,false,false,false,,,false,,Nexus,true,false,CONTRACT_SAFE,
2026-06-21T08:34:25.710Z,1bcf1924-7ec7-4a48-9b5e-57adc6995c67,1.0.0,base,0x7a17093c31158ec6c7a0d0e890c98f482c3da76f,PEAK,goplus,true,false,,,false,false,false,false,false,,false,,PEAK,true,false,CONTRACT_SAFE,
2026-06-21T08:39:20.536Z,dd46aeb8-8f2e-4ac0-9988-4c18d649f3e0,1.0.0,base,0x130755fbb22134d9cf2900930f68eeeee7766367,openhuman,goplus,true,false,,,false,false,false,false,,,false,,openhuman,true,true,CONTRACT_SAFE,
2026-06-21T08:39:22.529Z,dd46aeb8-8f2e-4ac0-9988-4c18d649f3e0,1.0.0,base,0x87ee711a54c19fa2574cda39f3346497c9c3c4c5,dadcoin,goplus,true,false,,,false,false,false,false,,,false,,dadcoin,true,false,CONTRACT_SAFE,
2026-06-21T08:43:20.551Z,8576ad02-9668-4d87-bbb1-080386f90186,1.0.0,base,0x987428b67cce09988aaff185dd30f4725a83adc1,BERT,goplus,true,false,,,false,false,false,false,,,false,,Bert,true,true,CONTRACT_SAFE,
2026-06-21T08:45:20.649Z,06102870-9a79-4f6b-b26a-7104e9e36a90,1.0.0,base,0x51a07def6cbc71fa322d6370dd151f06044c008c,SHARSHAR,goplus,true,false,,,false,false,false,false,,,false,,Ultra Jew King Sharshar,true,false,CONTRACT_SAFE,
2026-06-21T08:49:20.946Z,54f4cfc5-aff9-4cb7-930e-2c8e3eb88e46,1.0.0,base,0xd8ef039f73acdcba068b4a0bab6cfa718192db07,ok,goplus,true,false,,,false,false,false,false,false,,false,,👍,true,false,CONTRACT_SAFE,
2026-06-21T08:49:22.708Z,54f4cfc5-aff9-4cb7-930e-2c8e3eb88e46,1.0.0,base,0x4efdf16ce2c3e2de5c42e23999a38f36442e7777,dadcoin,goplus,true,false,,,false,false,false,false,false,,false,,dadcoin,true,false,CONTRACT_SAFE,
2026-06-21T08:51:20.650Z,9c8da366-5315-4560-8e3f-90579bb8bb8d,1.0.0,base,0x22aeb6a219060849cf0b429d2da51ff64d63671c,CHOPE,goplus,true,false,,,false,false,false,false,,,false,,CHOCOLATE PEPE,true,false,CONTRACT_SAFE,
2026-06-21T08:55:20.672Z,722939eb-b33a-4766-9c61-304aea916b46,1.0.0,base,0x43221b34aa8829f97fbaa47736ef601e92b7a76f,PEAK,goplus,true,false,,,false,false,false,false,false,,false,,PEAK,true,false,CONTRACT_SAFE,
2026-06-21T08:57:20.519Z,edcef73e-fa52-4f95-8322-862a6cbc740e,1.0.0,base,0x5ede51b0aec4d5e8914c76ec27145222455ca88d,DADCOIN,goplus,true,false,,,false,false,false,false,,,false,,DADCOIN,true,false,CONTRACT_SAFE,
2026-06-21T08:59:20.689Z,42ce8a97-657a-4ecd-be05-b2f8c0e5b05a,1.0.0,base,0x2ad9f7adb02a4bc3b735a667de500866e03452bb,KUPO,goplus,true,false,,,false,false,false,false,,,false,,Kupo,true,true,CONTRACT_SAFE,
2026-06-21T09:09:20.632Z,4999594e-2b39-4c89-8eb6-31a573bb7079,1.0.0,base,0x602d2adc2f6b6036cc792c104aa33e994b6adb07,Kirby,goplus,true,false,,,false,false,false,false,false,,false,,The Gambling Cat,true,false,CONTRACT_SAFE,
2026-06-21T09:15:20.692Z,dd395a0f-dd43-4653-8730-9679ff2df092,1.0.0,base,0xfdb8b142834b68f5a3c77d41e693bc75b143cba3,Surplus,goplus,true,false,,,false,false,false,false,false,,false,,Surplus Intelligence,true,false,CONTRACT_SAFE,
2026-06-21T09:17:21.204Z,e8c58d43-5af2-4cd9-94bd-8b11a0b76e70,1.0.0,base,0x2253d3c07c90b238a1824807ce676b0605288475,OPL,goplus,true,false,,,false,false,false,false,,false,false,,OpenLayer,true,false,CONTRACT_SAFE,
2026-06-21T09:19:20.856Z,c24275dd-b875-40a6-b2a5-89358e9cbcea,1.0.0,base,0x7db0e1eadeff66f8ddd3d2df1861dde31ffb4dd7,grantr,goplus,true,false,,,false,false,false,false,,,false,,grantr,true,true,CONTRACT_SAFE,
2026-06-21T09:23:21.240Z,f86bb140-c2a1-4c7c-a399-c01b52bbd218,1.0.0,base,0x6139e3835f0e1da01d26990a0925bcb539f17777,Kirby,goplus,true,false,,,false,false,false,false,false,,false,,The Gambling Cat,true,false,CONTRACT_SAFE,
2026-06-21T09:29:20.765Z,ec5cfc94-36a5-4c22-8898-96805e5c8a21,1.0.0,ethereum,0x8cae662ab0f33d5ed43d86c5bc62f965a0daef6a,THMM,goplus,true,false,0.00,0.00,false,false,false,false,,false,false,,The Hum,true,true,CONTRACT_SAFE,
2026-06-21T09:33:21.463Z,9e31e0e5-18b6-4147-be6d-378d512a632f,1.0.0,base,0xd2fb42e69ab2128bc058ad47572bee09c3ebdb07,Kirby,goplus,true,false,,,false,false,false,false,false,,false,,The Gambling Cat,true,false,CONTRACT_SAFE,
2026-06-21T09:37:20.783Z,0ac468da-7468-4bdc-a643-dfabb80679fa,1.0.0,base,0xe8f511413f3cc2f7b96663d5e9b63d2bcf92c963,VERLO,goplus,true,false,,,false,false,false,false,,,false,,verlo,true,true,CONTRACT_SAFE,
2026-06-21T09:37:22.471Z,0ac468da-7468-4bdc-a643-dfabb80679fa,1.0.0,base,0x90f463b78f4161c06def7c08d90d5237a69dcba3,Surplus,goplus,true,false,,,false,false,false,false,false,,false,,Surplus Intelligence,true,false,CONTRACT_SAFE,
2026-06-21T09:53:20.877Z,17556b3a-1449-4200-ba8a-a70ddb374748,1.0.0,base,0xcbbb4c3a91cf7fac8d30f3545d6fc6a2dea75b10,Forever,goplus,true,false,,,false,false,false,false,,,false,,Forever Coin,true,true,CONTRACT_SAFE,
2026-06-21T09:53:22.611Z,17556b3a-1449-4200-ba8a-a70ddb374748,1.0.0,base,0xa9e0f7de1043ca13aacdde5f958783b73da8db07,Father,goplus,true,false,,,false,false,false,false,false,,false,,Motherfucker,true,false,CONTRACT_SAFE,
2026-06-21T09:59:20.730Z,01a1049d-cdf2-4d1e-8991-d60095fa0f6b,1.0.0,base,0xec39fb91b9cb89500b276722390b1c21a8e52ba3,fyp,goplus,true,false,,,false,false,false,false,false,,false,,feelyourprotocol,true,false,CONTRACT_SAFE,
2026-06-21T09:59:22.647Z,01a1049d-cdf2-4d1e-8991-d60095fa0f6b,1.0.0,base,0x8d25bf20a126b3fd52e1d23c1f31842ece2c7777,Jotchua,goplus,true,false,,,false,false,false,false,false,,false,,Jotchua,true,false,CONTRACT_SAFE,
2026-06-21T10:03:21.640Z,6d62ae59-cf6c-4fe4-b0a8-7863b13b84e9,1.0.0,base,0x2253d3c07c90b238a1824807ce676b0605288475,OPL,goplus,true,false,,,false,false,false,false,,false,false,,OpenLayer,true,false,CONTRACT_SAFE,
2026-06-21T10:11:20.934Z,6d19eaff-c1d6-441c-84b9-fbbac90b0c38,1.0.0,base,0xfad1202840ac2b4e531e4c5e4b9dbe77651b7777,Jotchua,goplus,true,false,,,false,false,false,false,false,,false,,Jotchua,true,false,CONTRACT_SAFE,
2026-06-21T10:13:21.094Z,ba3a6d64-a9f7-4a04-bad1-5b8ab6e94c7f,1.0.0,base,0x6e9dbc4573253a8815f60ee92040b678fd61db07,Jotchua,goplus,true,false,,,false,false,false,false,false,,false,,Jotchua,true,false,CONTRACT_SAFE,
2026-06-21T10:15:21.234Z,a18e875f-1608-4bfc-8282-0093b4c97049,1.0.0,base,0xe0903f66d4851bd5727adfbb5e96039d542c1094,VERLO,goplus,true,false,,,false,false,false,false,,,false,,Verlo,true,true,CONTRACT_SAFE,
2026-06-21T10:17:20.905Z,08bb7eb0-6508-4b50-b687-9ee505db8e49,1.0.0,ethereum,0x59168ed8518b0fe45a34101cb32d584de6fbdab0,SLOHM,goplus,false,false,0.00,0.00,,,,,,,false,,SLOHM Finance,true,true,CONTRACT_SAFE,
2026-06-21T10:19:21.385Z,621f23b5-59fb-4f75-bd7e-9299edf08313,1.0.0,base,0xdd7c533afea60f6294d8632bcfa832086fa42ba3,fyp,goplus,true,false,,,false,false,false,false,false,,false,,feelyourprotocol,true,false,CONTRACT_SAFE,
2026-06-21T10:23:20.852Z,00b884c6-acc3-41f0-a42c-b98f458a8db8,1.0.0,ethereum,0x59249afa1dffc0d483c6b5bcd70259e5765bee10,OPHA,goplus,false,false,0.00,0.00,,,,,,,false,,Ophaxon,true,true,CONTRACT_SAFE,
2026-06-21T10:25:21.105Z,06151bdc-bc81-4709-971d-16f83d2e92e5,1.0.0,ethereum,0x1ffafb7414ef655e1390be311ca89ff83ca0dc36,FRSTT,goplus,false,false,0.00,0.00,,,,,,,false,,Frostith,true,true,CONTRACT_SAFE,
2026-06-21T10:33:20.990Z,e64a3a5c-3561-40ac-bbe4-1d49f0ef906c,1.0.0,base,0xaadb8d1b33b8ee97ef9ea217443e4a9066594032,GLYPHS,goplus,true,false,,,false,false,false,false,,,false,,Glyphs,true,true,CONTRACT_SAFE,
2026-06-21T10:35:21.146Z,87d52a3b-b0c5-41fd-8526-7f93d39d26a1,1.0.0,base,0xda5f95bc9504dc2cf731f149ada29b0f65e7db07,Father,goplus,true,false,,,false,false,false,false,false,,false,,Motherfucker,true,false,CONTRACT_SAFE,
2026-06-21T10:35:22.847Z,87d52a3b-b0c5-41fd-8526-7f93d39d26a1,1.0.0,base,0x9dbe903c201e94bc4ebb23dc905a100e86c1cb07,DAD,goplus,true,false,,,false,false,false,false,false,,false,,Happy Father's Day,true,false,CONTRACT_SAFE,
2026-06-21T10:41:21.285Z,89b89be3-6bcb-42c3-8106-6a50383d2c84,1.0.0,base,0x567b16c36ff87fa599b2fa421a9b619db00ea76f,PEAK,goplus,true,false,,,false,false,false,false,false,,false,,PEAK,true,false,CONTRACT_SAFE,
2026-06-21T10:43:21.272Z,5d044f3e-74d8-4ae2-9bd6-b2b8ab5b3f6d,1.0.0,base,0x88319e096de161329857ec69f9e79e08257a5ba3,ZEPHYR,goplus,true,false,,,false,false,false,false,false,,false,,Zephyr Cloud,true,false,CONTRACT_SAFE,
2026-06-21T10:47:21.419Z,e505dc06-6f7c-426b-86cd-78077e716abd,1.0.0,base,0xe75d7dcb9788ce8a8745e3ca2cbd9fca0bb456b4,Zephyr,goplus,false,false,,,,,,,,,false,,Zephyr Cloud,true,true,CONTRACT_SAFE,
2026-06-21T10:47:23.137Z,e505dc06-6f7c-426b-86cd-78077e716abd,1.0.0,base,0xb576134516c9c6a43b6ba063e46655fb4f997777,dad,goplus,true,false,,,false,false,false,false,false,,false,,"are you winning, dad?",true,false,CONTRACT_SAFE,
2026-06-21T10:49:21.708Z,0b7eae2e-a7bd-44e4-adba-1acc74b5ee7d,1.0.0,base,0x2253d3c07c90b238a1824807ce676b0605288475,OPL,goplus,true,false,,,false,false,false,false,,false,false,,OpenLayer,true,false,CONTRACT_SAFE,
2026-06-21T10:51:21.191Z,726453bc-fd8c-4ffb-af8b-f3c40f546f88,1.0.0,base,0x7707625fed04b5f3b8f979c18185b1dbdc728535,MRBASE,goplus,true,false,,,false,false,false,false,,,false,,MR. Base,true,true,CONTRACT_SAFE,
2026-06-21T10:53:20.970Z,50a204e9-b23b-47f0-8ee3-015304bb657f,1.0.0,base,0x09c0dd8c49d7cb11be4fb0cf16022f9028325200,PALM,goplus,true,false,,,false,false,false,false,false,,false,,Palmar,true,true,CONTRACT_SAFE,
2026-06-21T10:53:22.894Z,50a204e9-b23b-47f0-8ee3-015304bb657f,1.0.0,base,0xe40be600c806d8713bc68a429ba886398d9f48ff,MORV,goplus,true,false,,,false,false,false,false,false,,false,,Morv Labs,true,true,CONTRACT_SAFE,
2026-06-21T10:53:24.893Z,50a204e9-b23b-47f0-8ee3-015304bb657f,1.0.0,base,0xb26251b5bf1775b1fd2354f50faddcb8dad08747,KSKD,goplus,false,false,,,,,,,,,false,,Kaskad,true,true,CONTRACT_SAFE,
2026-06-21T10:53:26.886Z,50a204e9-b23b-47f0-8ee3-015304bb657f,1.0.0,base,0x5c80454959088b436fe68d2dfabba877b7e3f907,GRO95K,goplus,false,false,,,,,,,,,false,,GRO95K,true,true,CONTRACT_SAFE,
2026-06-21T10:53:28.922Z,50a204e9-b23b-47f0-8ee3-015304bb657f,1.0.0,base,0x8591f80d14986cc2c4de54761821b89bbe2c492b,SPCXon,goplus,false,false,,,,,,,,,false,,SpaceX Tokenized Stock,true,true,CONTRACT_SAFE,
2026-06-21T10:55:21.273Z,7472f317-4db5-4cf1-813d-684bfe822c07,1.0.0,base,0x90584a4e9208947107f09bc9fd2d1baeebaae716,FLIC,goplus,false,false,,,,,,,,,false,,Flicfit,true,true,CONTRACT_SAFE,
2026-06-21T10:55:23.235Z,7472f317-4db5-4cf1-813d-684bfe822c07,1.0.0,base,0xd4fb3b65f030028f3040332a8e98718c83f85378,FREEDOM,goplus,true,false,,,false,false,false,false,false,,false,,Based Freedom,true,true,CONTRACT_SAFE,
2026-06-21T10:57:21.327Z,b11b8524-b595-4fba-b5b0-16bf68c395af,1.0.0,base,0xdafbca5046f0caaa2e6c072524b0125103bd97f2,AUTON,goplus,false,false,,,,,,,,,false,,Auton,true,true,CONTRACT_SAFE,
2026-06-21T10:57:23.074Z,b11b8524-b595-4fba-b5b0-16bf68c395af,1.0.0,base,0x1de00574cd4d2142b61d7004c7fb51b07f39bb53,API,goplus,true,false,,,false,false,false,false,false,,false,,API Vault,true,true,CONTRACT_SAFE,
2026-06-21T10:57:25.092Z,b11b8524-b595-4fba-b5b0-16bf68c395af,1.0.0,base,0xf36de3cd6452d691f2a6835c5c943b93ae1bdb07,dad,goplus,true,false,,,false,false,false,false,false,,false,,"are you winning, dad?",true,false,CONTRACT_SAFE,
2026-06-21T10:59:21.409Z,14c80bd1-8510-4b4f-aacd-64c9557f4cd8,1.0.0,base,0xc7885c340c6bb563b837748669875691f2b52ffb,AgentBox,goplus,true,false,,,false,false,false,false,true,,false,,Agent Box,true,true,CONTRACT_SAFE,
2026-06-21T10:59:23.088Z,14c80bd1-8510-4b4f-aacd-64c9557f4cd8,1.0.0,base,0x005840e74958bfab30a0ee3d27bacf8873ad57b7,MRBASE,goplus,true,false,,,false,false,false,false,,,false,,MR. Base,true,true,CONTRACT_SAFE,
2026-06-21T11:01:21.575Z,b42738d3-72c9-49aa-a095-593e0e0a738c,1.0.0,base,0xf725f302f9b09d4228e7ee033e9916149c995ba3,ZEPHYR,goplus,true,false,,,false,false,false,false,false,,false,,Zephyr Cloud,true,false,CONTRACT_SAFE,
2026-06-21T11:03:20.957Z,3604ff31-bd9b-4dcf-840f-1c372cb12f59,1.0.0,ethereum,0x59168ed8518b0fe45a34101cb32d584de6fbdab0,SLOHM,goplus,false,false,0.00,0.00,,,,,,,false,,SLOHM Finance,true,true,CONTRACT_SAFE,
2026-06-21T11:05:20.989Z,a6a78df8-53bc-40b6-ba53-d0f38b558cdb,1.0.0,ethereum,0x6d32ce6de3b4227cfc198a5ec01de98c3a9e3ce0,discover,goplus,true,false,,,false,false,false,false,,,false,,discover.me,true,true,CONTRACT_SAFE,
2026-06-21T11:05:22.739Z,a6a78df8-53bc-40b6-ba53-d0f38b558cdb,1.0.0,base,0x5ab5f1d983a279f59cf20c4cf7fbbef211d15037,MRBASE,goplus,true,false,,,false,false,false,false,,,false,,MR. Base,true,true,CONTRACT_SAFE,
2026-06-21T11:07:21.099Z,ff0c824a-db7c-484b-b529-f143ff34b96e,1.0.0,ethereum,0xcf6f93bf836aaa039b735c7bbe733e132a470ebd,MOVE,goplus,true,false,0.00,0.00,true,false,false,false,false,,true,owner_can_mint,Movement,true,true,CONTRACT_REJECT,owner_can_mint
2026-06-21T11:09:21.072Z,6a4914be-7f1b-4f93-a7a5-f91902eb9d87,1.0.0,ethereum,0x59249afa1dffc0d483c6b5bcd70259e5765bee10,OPHA,goplus,false,false,0.00,0.00,,,,,,false,false,,Ophaxon,true,true,CONTRACT_SAFE,
2026-06-21T11:11:20.992Z,bbed1e0f-2581-45ef-9ff9-d39f8d06a2a3,1.0.0,ethereum,0x87f689c4d14d1b29790160903dbb2f0781bf783c,FLOW,goplus,true,false,0.00,0.00,true,false,false,false,false,,true,owner_can_mint,Flow,true,true,CONTRACT_REJECT,owner_can_mint
2026-06-21T11:13:20.843Z,27f20572-14d4-4563-ac04-f15289f5066c,1.0.0,ethereum,0x3ce436dd6c26745a95b95a242359debb2b91296d,ONT,goplus,true,false,0.00,0.00,true,false,false,false,false,,true,owner_can_mint,Ontology,true,true,CONTRACT_REJECT,owner_can_mint
2026-06-21T11:13:22.797Z,27f20572-14d4-4563-ac04-f15289f5066c,1.0.0,ethereum,0x271b716dd3f9291654fe0ec5ae66e381abfb86ed,$TNDR,goplus,true,false,0.00,0.00,false,false,false,false,,,false,,Tindrel,true,true,CONTRACT_SAFE,
2026-06-21T11:19:21.527Z,499800cb-2fc3-48b1-96d1-5435d6f9aa73,1.0.0,base,0xe712294ba1955698cc563d7b5f223bd4067edb07,leverageIT,goplus,true,false,,,false,false,false,false,false,,false,,magicalinternet.money,true,false,CONTRACT_SAFE,
2026-06-21T11:21:21.450Z,9c07c2fb-fe61-4e93-9afc-d2247f7b3897,1.0.0,base,0xee95c0656e4aed66f9a138ffc92b567b54eaa76f,PEAK,goplus,true,false,,,false,false,false,false,false,,false,,PEAK,true,false,CONTRACT_SAFE,
2026-06-21T11:21:23.193Z,9c07c2fb-fe61-4e93-9afc-d2247f7b3897,1.0.0,base,0xec73ddbca8786de80f4b9a5790b7e2497b987777,leverageIT,goplus,true,false,,,false,false,false,false,false,,false,,magicalinternet.money,true,false,CONTRACT_SAFE,
2026-06-21T11:25:21.480Z,b5af66b3-1d5a-4401-9b3a-81eaacf426d6,1.0.0,base,0x4ccb6166deea1d12b9343107c14ce479e5d1222a,XALGORIX,goplus,true,false,,,false,false,false,false,,,false,,Xalgorix,true,true,CONTRACT_SAFE,
2026-06-21T11:29:20.953Z,f3859c19-4f13-4739-8a00-a5d4a0e7cb97,1.0.0,ethereum,0xe1991adca75a83ed6b75babcf3a17cc13ba2273a,ROBO,goplus,true,false,0.00,0.00,true,false,false,false,false,,true,owner_can_mint,Fabric Protocol,true,true,CONTRACT_REJECT,owner_can_mint
2026-06-21T11:31:24.930Z,3795b863-7ab7-4731-9045-1207f9d8a87f,1.0.0,ethereum,0x904e26090a0dd76db9d4218b6d6dafb4675fd80f,HOLO,goplus,false,false,0.00,0.00,,,,,,,false,,Holoworld AI,true,true,CONTRACT_SAFE,
2026-06-21T11:31:29.464Z,3795b863-7ab7-4731-9045-1207f9d8a87f,1.0.0,ethereum,0xe1991adca75a83ed6b75babcf3a17cc13ba2273a,ROBO,goplus,true,false,0.00,0.00,true,false,false,false,false,,true,owner_can_mint,Fabric Protocol,true,true,CONTRACT_REJECT,owner_can_mint
2026-06-21T11:31:33.769Z,3795b863-7ab7-4731-9045-1207f9d8a87f,1.0.0,ethereum,0x3ce436dd6c26745a95b95a242359debb2b91296d,ONT,goplus,true,false,0.00,0.00,true,false,false,false,false,,true,owner_can_mint,Ontology,true,true,CONTRACT_REJECT,owner_can_mint
2026-06-21T11:31:38.110Z,3795b863-7ab7-4731-9045-1207f9d8a87f,1.0.0,ethereum,0x87f689c4d14d1b29790160903dbb2f0781bf783c,FLOW,goplus,true,false,0.00,0.00,true,false,false,false,false,,true,owner_can_mint,Flow,true,true,CONTRACT_REJECT,owner_can_mint
2026-06-21T11:31:42.439Z,3795b863-7ab7-4731-9045-1207f9d8a87f,1.0.0,ethereum,0xcf6f93bf836aaa039b735c7bbe733e132a470ebd,MOVE,goplus,true,false,0.00,0.00,true,false,false,false,false,false,true,owner_can_mint,Movement,true,true,CONTRACT_REJECT,owner_can_mint
2026-06-21T11:31:46.781Z,3795b863-7ab7-4731-9045-1207f9d8a87f,1.0.0,ethereum,0x6d32ce6de3b4227cfc198a5ec01de98c3a9e3ce0,discover,goplus,true,false,0.00,0.00,false,false,false,false,,false,false,,discover.me,true,true,CONTRACT_SAFE,
2026-06-21T11:31:55.295Z,3795b863-7ab7-4731-9045-1207f9d8a87f,1.0.0,base,0x4ccb6166deea1d12b9343107c14ce479e5d1222a,XALGORIX,goplus,true,false,,,false,false,false,false,,,false,,Xalgorix,true,true,CONTRACT_SAFE,
2026-06-21T11:31:59.621Z,3795b863-7ab7-4731-9045-1207f9d8a87f,1.0.0,base,0xee95c0656e4aed66f9a138ffc92b567b54eaa76f,PEAK,goplus,true,false,,,false,false,false,false,false,,false,,PEAK,true,false,CONTRACT_SAFE,
2026-06-21T11:32:03.938Z,3795b863-7ab7-4731-9045-1207f9d8a87f,1.0.0,base,0xec73ddbca8786de80f4b9a5790b7e2497b987777,leverageIT,goplus,true,false,,,false,false,false,false,false,,false,,magicalinternet.money,true,false,CONTRACT_SAFE,
2026-06-21T11:32:08.241Z,3795b863-7ab7-4731-9045-1207f9d8a87f,1.0.0,base,0xe712294ba1955698cc563d7b5f223bd4067edb07,leverageIT,goplus,true,false,,,false,false,false,false,false,,false,,magicalinternet.money,true,false,CONTRACT_SAFE,
2026-06-21T11:32:16.918Z,3795b863-7ab7-4731-9045-1207f9d8a87f,1.0.0,base,0x2253d3c07c90b238a1824807ce676b0605288475,OPL,goplus,true,false,0.00,0.00,false,false,false,false,,false,false,,OpenLayer,true,false,CONTRACT_SAFE,
2026-06-21T11:33:24.993Z,3dc9b166-916b-4b96-a262-afbb2d77b4f7,1.0.0,ethereum,0x904e26090a0dd76db9d4218b6d6dafb4675fd80f,HOLO,goplus,false,false,0.00,0.00,,,,,,,false,,Holoworld AI,true,true,CONTRACT_SAFE,
2026-06-21T11:33:29.310Z,3dc9b166-916b-4b96-a262-afbb2d77b4f7,1.0.0,ethereum,0xe1991adca75a83ed6b75babcf3a17cc13ba2273a,ROBO,goplus,true,false,0.00,0.00,true,false,false,false,false,,true,owner_can_mint,Fabric Protocol,true,true,CONTRACT_REJECT,owner_can_mint
2026-06-21T11:33:33.623Z,3dc9b166-916b-4b96-a262-afbb2d77b4f7,1.0.0,ethereum,0x3ce436dd6c26745a95b95a242359debb2b91296d,ONT,goplus,true,false,0.00,0.00,true,false,false,false,false,,true,owner_can_mint,Ontology,true,true,CONTRACT_REJECT,owner_can_mint
2026-06-21T11:33:37.957Z,3dc9b166-916b-4b96-a262-afbb2d77b4f7,1.0.0,ethereum,0x87f689c4d14d1b29790160903dbb2f0781bf783c,FLOW,goplus,true,false,0.00,0.00,true,false,false,false,false,,true,owner_can_mint,Flow,true,true,CONTRACT_REJECT,owner_can_mint
2026-06-21T11:33:42.296Z,3dc9b166-916b-4b96-a262-afbb2d77b4f7,1.0.0,ethereum,0xcf6f93bf836aaa039b735c7bbe733e132a470ebd,MOVE,goplus,true,false,0.00,0.00,true,false,false,false,false,false,true,owner_can_mint,Movement,true,true,CONTRACT_REJECT,owner_can_mint
2026-06-21T11:33:46.608Z,3dc9b166-916b-4b96-a262-afbb2d77b4f7,1.0.0,ethereum,0x6d32ce6de3b4227cfc198a5ec01de98c3a9e3ce0,discover,goplus,true,false,0.00,0.00,false,false,false,false,,false,false,,discover.me,true,true,CONTRACT_SAFE,
2026-06-21T11:33:55.166Z,3dc9b166-916b-4b96-a262-afbb2d77b4f7,1.0.0,base,0x4ccb6166deea1d12b9343107c14ce479e5d1222a,XALGORIX,goplus,true,false,,,false,false,false,false,,,false,,Xalgorix,true,true,CONTRACT_SAFE,
2026-06-21T11:33:59.531Z,3dc9b166-916b-4b96-a262-afbb2d77b4f7,1.0.0,base,0xee95c0656e4aed66f9a138ffc92b567b54eaa76f,PEAK,goplus,true,false,,,false,false,false,false,false,,false,,PEAK,true,false,CONTRACT_SAFE,
2026-06-21T11:34:03.911Z,3dc9b166-916b-4b96-a262-afbb2d77b4f7,1.0.0,base,0xec73ddbca8786de80f4b9a5790b7e2497b987777,leverageIT,goplus,true,false,,,false,false,false,false,false,,false,,magicalinternet.money,true,false,CONTRACT_SAFE,
2026-06-21T11:34:08.250Z,3dc9b166-916b-4b96-a262-afbb2d77b4f7,1.0.0,base,0xe712294ba1955698cc563d7b5f223bd4067edb07,leverageIT,goplus,true,false,,,false,false,false,false,false,,false,,magicalinternet.money,true,false,CONTRACT_SAFE,
2026-06-21T11:34:17.065Z,3dc9b166-916b-4b96-a262-afbb2d77b4f7,1.0.0,base,0x2253d3c07c90b238a1824807ce676b0605288475,OPL,goplus,true,false,0.00,0.00,false,false,false,false,,false,false,,OpenLayer,true,false,CONTRACT_SAFE,
2026-06-21T11:35:24.919Z,ea99f79a-e1ab-4cfe-b750-5b668a8cc5bc,1.0.0,ethereum,0x904e26090a0dd76db9d4218b6d6dafb4675fd80f,HOLO,goplus,false,false,0.00,0.00,,,,,,,false,,Holoworld AI,true,true,CONTRACT_SAFE,
2026-06-21T11:35:29.258Z,ea99f79a-e1ab-4cfe-b750-5b668a8cc5bc,1.0.0,ethereum,0xe1991adca75a83ed6b75babcf3a17cc13ba2273a,ROBO,goplus,true,false,0.00,0.00,true,false,false,false,false,,true,owner_can_mint,Fabric Protocol,true,true,CONTRACT_REJECT,owner_can_mint
2026-06-21T11:35:33.654Z,ea99f79a-e1ab-4cfe-b750-5b668a8cc5bc,1.0.0,ethereum,0x3ce436dd6c26745a95b95a242359debb2b91296d,ONT,goplus,true,false,0.00,0.00,true,false,false,false,false,,true,owner_can_mint,Ontology,true,true,CONTRACT_REJECT,owner_can_mint
2026-06-21T11:35:37.961Z,ea99f79a-e1ab-4cfe-b750-5b668a8cc5bc,1.0.0,ethereum,0x87f689c4d14d1b29790160903dbb2f0781bf783c,FLOW,goplus,true,false,0.00,0.00,true,false,false,false,false,,true,owner_can_mint,Flow,true,true,CONTRACT_REJECT,owner_can_mint
2026-06-21T11:35:42.301Z,ea99f79a-e1ab-4cfe-b750-5b668a8cc5bc,1.0.0,ethereum,0xcf6f93bf836aaa039b735c7bbe733e132a470ebd,MOVE,goplus,true,false,0.00,0.00,true,false,false,false,false,false,true,owner_can_mint,Movement,true,true,CONTRACT_REJECT,owner_can_mint
2026-06-21T11:35:46.635Z,ea99f79a-e1ab-4cfe-b750-5b668a8cc5bc,1.0.0,ethereum,0x6d32ce6de3b4227cfc198a5ec01de98c3a9e3ce0,discover,goplus,true,false,0.00,0.00,false,false,false,false,,false,false,,discover.me,true,true,CONTRACT_SAFE,
2026-06-21T11:35:55.372Z,ea99f79a-e1ab-4cfe-b750-5b668a8cc5bc,1.0.0,base,0x4ccb6166deea1d12b9343107c14ce479e5d1222a,XALGORIX,goplus,true,false,,,false,false,false,false,,,false,,Xalgorix,true,true,CONTRACT_SAFE,
2026-06-21T11:36:04.037Z,ea99f79a-e1ab-4cfe-b750-5b668a8cc5bc,1.0.0,base,0x2253d3c07c90b238a1824807ce676b0605288475,OPL,goplus,true,false,0.00,0.00,false,false,false,false,,false,false,,OpenLayer,true,false,CONTRACT_SAFE,
2026-06-21T11:37:25.007Z,ea14c2f6-4de0-4078-9895-1ce602b9fa98,1.0.0,ethereum,0x904e26090a0dd76db9d4218b6d6dafb4675fd80f,HOLO,goplus,false,false,0.00,0.00,,,,,,,false,,Holoworld AI,true,true,CONTRACT_SAFE,
2026-06-21T11:37:29.315Z,ea14c2f6-4de0-4078-9895-1ce602b9fa98,1.0.0,ethereum,0xe1991adca75a83ed6b75babcf3a17cc13ba2273a,ROBO,goplus,true,false,0.00,0.00,true,false,false,false,false,,true,owner_can_mint,Fabric Protocol,true,true,CONTRACT_REJECT,owner_can_mint
2026-06-21T11:37:33.639Z,ea14c2f6-4de0-4078-9895-1ce602b9fa98,1.0.0,ethereum,0x3ce436dd6c26745a95b95a242359debb2b91296d,ONT,goplus,true,false,0.00,0.00,true,false,false,false,false,,true,owner_can_mint,Ontology,true,true,CONTRACT_REJECT,owner_can_mint
2026-06-21T11:37:37.983Z,ea14c2f6-4de0-4078-9895-1ce602b9fa98,1.0.0,ethereum,0x87f689c4d14d1b29790160903dbb2f0781bf783c,FLOW,goplus,true,false,0.00,0.00,true,false,false,false,false,,true,owner_can_mint,Flow,true,true,CONTRACT_REJECT,owner_can_mint
2026-06-21T11:37:42.327Z,ea14c2f6-4de0-4078-9895-1ce602b9fa98,1.0.0,ethereum,0xcf6f93bf836aaa039b735c7bbe733e132a470ebd,MOVE,goplus,true,false,0.00,0.00,true,false,false,false,false,false,true,owner_can_mint,Movement,true,true,CONTRACT_REJECT,owner_can_mint
2026-06-21T11:37:46.652Z,ea14c2f6-4de0-4078-9895-1ce602b9fa98,1.0.0,ethereum,0x6d32ce6de3b4227cfc198a5ec01de98c3a9e3ce0,discover,goplus,true,false,0.00,0.00,false,false,false,false,,false,false,,discover.me,true,true,CONTRACT_SAFE,
2026-06-21T11:37:55.322Z,ea14c2f6-4de0-4078-9895-1ce602b9fa98,1.0.0,base,0x4ccb6166deea1d12b9343107c14ce479e5d1222a,XALGORIX,goplus,true,false,,,false,false,false,false,,,false,,Xalgorix,true,true,CONTRACT_SAFE,
2026-06-21T11:38:03.958Z,ea14c2f6-4de0-4078-9895-1ce602b9fa98,1.0.0,base,0x2253d3c07c90b238a1824807ce676b0605288475,OPL,goplus,true,false,0.00,0.00,false,false,false,false,,false,false,,OpenLayer,true,false,CONTRACT_SAFE,
2026-06-21T11:39:24.944Z,6002a164-6912-4722-a57c-d91b6a74b6b7,1.0.0,ethereum,0x904e26090a0dd76db9d4218b6d6dafb4675fd80f,HOLO,goplus,false,false,0.00,0.00,,,,,,,false,,Holoworld AI,true,true,CONTRACT_SAFE,
2026-06-21T11:39:29.255Z,6002a164-6912-4722-a57c-d91b6a74b6b7,1.0.0,ethereum,0xe1991adca75a83ed6b75babcf3a17cc13ba2273a,ROBO,goplus,true,false,0.00,0.00,true,false,false,false,false,,true,owner_can_mint,Fabric Protocol,true,true,CONTRACT_REJECT,owner_can_mint
2026-06-21T11:39:33.555Z,6002a164-6912-4722-a57c-d91b6a74b6b7,1.0.0,ethereum,0x3ce436dd6c26745a95b95a242359debb2b91296d,ONT,goplus,true,false,0.00,0.00,true,false,false,false,false,,true,owner_can_mint,Ontology,true,true,CONTRACT_REJECT,owner_can_mint
2026-06-21T11:39:37.894Z,6002a164-6912-4722-a57c-d91b6a74b6b7,1.0.0,ethereum,0x87f689c4d14d1b29790160903dbb2f0781bf783c,FLOW,goplus,true,false,0.00,0.00,true,false,false,false,false,,true,owner_can_mint,Flow,true,true,CONTRACT_REJECT,owner_can_mint
2026-06-21T11:39:42.194Z,6002a164-6912-4722-a57c-d91b6a74b6b7,1.0.0,ethereum,0xcf6f93bf836aaa039b735c7bbe733e132a470ebd,MOVE,goplus,true,false,0.00,0.00,true,false,false,false,false,false,true,owner_can_mint,Movement,true,true,CONTRACT_REJECT,owner_can_mint
2026-06-21T11:39:46.506Z,6002a164-6912-4722-a57c-d91b6a74b6b7,1.0.0,ethereum,0x6d32ce6de3b4227cfc198a5ec01de98c3a9e3ce0,discover,goplus,true,false,0.00,0.00,false,false,false,false,,false,false,,discover.me,true,true,CONTRACT_SAFE,
2026-06-21T11:39:55.289Z,6002a164-6912-4722-a57c-d91b6a74b6b7,1.0.0,base,0x57336073356fcd7eea1fe61af2a3d242ba74db07,ARG,goplus,true,false,,,false,false,false,false,false,,false,,Argentina Racist Generator,true,false,CONTRACT_SAFE,
2026-06-21T11:39:59.662Z,6002a164-6912-4722-a57c-d91b6a74b6b7,1.0.0,base,0x4ccb6166deea1d12b9343107c14ce479e5d1222a,XALGORIX,goplus,true,false,,,false,false,false,false,,,false,,Xalgorix,true,true,CONTRACT_SAFE,
2026-06-21T11:40:08.752Z,6002a164-6912-4722-a57c-d91b6a74b6b7,1.0.0,base,0x2253d3c07c90b238a1824807ce676b0605288475,OPL,goplus,true,false,0.00,0.00,false,false,false,false,,false,false,,OpenLayer,true,false,CONTRACT_SAFE,
2026-06-21T11:41:24.984Z,7afbfd67-a18a-44b5-908d-c00e74204c34,1.0.0,ethereum,0xb32e612b903fe377a98a9ff46ed9fa7aa522886e,DUSK,goplus,true,false,,,true,false,false,false,false,,true,owner_can_mint,Dusk,true,true,CONTRACT_REJECT,owner_can_mint
2026-06-21T11:41:29.297Z,7afbfd67-a18a-44b5-908d-c00e74204c34,1.0.0,ethereum,0x904e26090a0dd76db9d4218b6d6dafb4675fd80f,HOLO,goplus,false,false,0.00,0.00,,,,,,,false,,Holoworld AI,true,true,CONTRACT_SAFE,
2026-06-21T11:41:33.628Z,7afbfd67-a18a-44b5-908d-c00e74204c34,1.0.0,ethereum,0xe1991adca75a83ed6b75babcf3a17cc13ba2273a,ROBO,goplus,true,false,0.00,0.00,true,false,false,false,false,,true,owner_can_mint,Fabric Protocol,true,true,CONTRACT_REJECT,owner_can_mint
2026-06-21T11:41:37.958Z,7afbfd67-a18a-44b5-908d-c00e74204c34,1.0.0,ethereum,0x3ce436dd6c26745a95b95a242359debb2b91296d,ONT,goplus,true,false,0.00,0.00,true,false,false,false,false,,true,owner_can_mint,Ontology,true,true,CONTRACT_REJECT,owner_can_mint
2026-06-21T11:41:42.276Z,7afbfd67-a18a-44b5-908d-c00e74204c34,1.0.0,ethereum,0x87f689c4d14d1b29790160903dbb2f0781bf783c,FLOW,goplus,true,false,0.00,0.00,true,false,false,false,false,,true,owner_can_mint,Flow,true,true,CONTRACT_REJECT,owner_can_mint
2026-06-21T11:41:46.618Z,7afbfd67-a18a-44b5-908d-c00e74204c34,1.0.0,ethereum,0xcf6f93bf836aaa039b735c7bbe733e132a470ebd,MOVE,goplus,true,false,0.00,0.00,true,false,false,false,false,false,true,owner_can_mint,Movement,true,true,CONTRACT_REJECT,owner_can_mint
2026-06-21T11:41:55.191Z,7afbfd67-a18a-44b5-908d-c00e74204c34,1.0.0,base,0x57336073356fcd7eea1fe61af2a3d242ba74db07,ARG,goplus,true,false,,,false,false,false,false,false,,false,,Argentina Racist Generator,true,false,CONTRACT_SAFE,
2026-06-21T11:41:59.518Z,7afbfd67-a18a-44b5-908d-c00e74204c34,1.0.0,base,0x4ccb6166deea1d12b9343107c14ce479e5d1222a,XALGORIX,goplus,true,false,,,false,false,false,false,,,false,,Xalgorix,true,true,CONTRACT_SAFE,
2026-06-21T11:42:08.259Z,7afbfd67-a18a-44b5-908d-c00e74204c34,1.0.0,base,0x2253d3c07c90b238a1824807ce676b0605288475,OPL,goplus,true,false,0.00,0.00,false,false,false,false,,false,false,,OpenLayer,true,false,CONTRACT_SAFE,
2026-06-21T11:43:25.203Z,1af117c0-6553-4583-b67e-1cb9c4b69744,1.0.0,ethereum,0xb32e612b903fe377a98a9ff46ed9fa7aa522886e,DUSK,goplus,true,false,,,true,false,false,false,false,,true,owner_can_mint,Dusk,true,true,CONTRACT_REJECT,owner_can_mint
2026-06-21T11:43:29.572Z,1af117c0-6553-4583-b67e-1cb9c4b69744,1.0.0,ethereum,0x904e26090a0dd76db9d4218b6d6dafb4675fd80f,HOLO,goplus,false,false,0.00,0.00,,,,,,,false,,Holoworld AI,true,true,CONTRACT_SAFE,
2026-06-21T11:43:33.898Z,1af117c0-6553-4583-b67e-1cb9c4b69744,1.0.0,ethereum,0xe1991adca75a83ed6b75babcf3a17cc13ba2273a,ROBO,goplus,true,false,0.00,0.00,true,false,false,false,false,,true,owner_can_mint,Fabric Protocol,true,true,CONTRACT_REJECT,owner_can_mint
2026-06-21T11:43:38.221Z,1af117c0-6553-4583-b67e-1cb9c4b69744,1.0.0,ethereum,0x3ce436dd6c26745a95b95a242359debb2b91296d,ONT,goplus,true,false,0.00,0.00,true,false,false,false,false,,true,owner_can_mint,Ontology,true,true,CONTRACT_REJECT,owner_can_mint
2026-06-21T11:43:42.539Z,1af117c0-6553-4583-b67e-1cb9c4b69744,1.0.0,ethereum,0x87f689c4d14d1b29790160903dbb2f0781bf783c,FLOW,goplus,true,false,0.00,0.00,true,false,false,false,false,,true,owner_can_mint,Flow,true,true,CONTRACT_REJECT,owner_can_mint
2026-06-21T11:43:46.867Z,1af117c0-6553-4583-b67e-1cb9c4b69744,1.0.0,ethereum,0xcf6f93bf836aaa039b735c7bbe733e132a470ebd,MOVE,goplus,true,false,0.00,0.00,true,false,false,false,false,false,true,owner_can_mint,Movement,true,true,CONTRACT_REJECT,owner_can_mint
2026-06-21T11:43:55.392Z,1af117c0-6553-4583-b67e-1cb9c4b69744,1.0.0,base,0xd8c95c4acf1167509a7edebb0e6cf930e154a76f,PEAK,goplus,true,false,,,false,false,false,false,false,,false,,PEAK,true,false,CONTRACT_SAFE,
2026-06-21T11:43:59.699Z,1af117c0-6553-4583-b67e-1cb9c4b69744,1.0.0,base,0x57336073356fcd7eea1fe61af2a3d242ba74db07,ARG,goplus,true,false,,,false,false,false,false,false,,false,,Argentina Racist Generator,true,false,CONTRACT_SAFE,
2026-06-21T11:44:08.299Z,1af117c0-6553-4583-b67e-1cb9c4b69744,1.0.0,base,0x2253d3c07c90b238a1824807ce676b0605288475,OPL,goplus,true,false,0.00,0.00,false,false,false,false,,false,false,,OpenLayer,true,false,CONTRACT_SAFE,
2026-06-21T11:45:25.021Z,57e9fcdf-abca-48f9-bc75-b56c919f4232,1.0.0,ethereum,0xb32e612b903fe377a98a9ff46ed9fa7aa522886e,DUSK,goplus,true,false,0.00,0.00,true,false,false,false,false,,true,owner_can_mint,Dusk,true,true,CONTRACT_REJECT,owner_can_mint
2026-06-21T11:45:29.334Z,57e9fcdf-abca-48f9-bc75-b56c919f4232,1.0.0,ethereum,0x904e26090a0dd76db9d4218b6d6dafb4675fd80f,HOLO,goplus,false,false,0.00,0.00,,,,,,,false,,Holoworld AI,true,true,CONTRACT_SAFE,
2026-06-21T11:45:33.658Z,57e9fcdf-abca-48f9-bc75-b56c919f4232,1.0.0,ethereum,0xe1991adca75a83ed6b75babcf3a17cc13ba2273a,ROBO,goplus,true,false,0.00,0.00,true,false,false,false,false,false,true,owner_can_mint,Fabric Protocol,true,true,CONTRACT_REJECT,owner_can_mint
2026-06-21T11:45:38.007Z,57e9fcdf-abca-48f9-bc75-b56c919f4232,1.0.0,ethereum,0x3ce436dd6c26745a95b95a242359debb2b91296d,ONT,goplus,true,false,0.00,0.00,true,false,false,false,false,,true,owner_can_mint,Ontology,true,true,CONTRACT_REJECT,owner_can_mint
2026-06-21T11:45:42.307Z,57e9fcdf-abca-48f9-bc75-b56c919f4232,1.0.0,ethereum,0x87f689c4d14d1b29790160903dbb2f0781bf783c,FLOW,goplus,true,false,0.00,0.00,true,false,false,false,false,,true,owner_can_mint,Flow,true,true,CONTRACT_REJECT,owner_can_mint
2026-06-21T11:45:46.610Z,57e9fcdf-abca-48f9-bc75-b56c919f4232,1.0.0,ethereum,0xcf6f93bf836aaa039b735c7bbe733e132a470ebd,MOVE,goplus,true,false,0.00,0.00,true,false,false,false,false,false,true,owner_can_mint,Movement,true,true,CONTRACT_REJECT,owner_can_mint
2026-06-21T11:45:55.129Z,57e9fcdf-abca-48f9-bc75-b56c919f4232,1.0.0,base,0x4dbb008088399ca6efb09f25cecf6784ce2b8818,MRBASE,goplus,true,false,,,false,false,false,false,,,false,,MR BASE,true,true,CONTRACT_SAFE,
2026-06-21T11:45:59.554Z,57e9fcdf-abca-48f9-bc75-b56c919f4232,1.0.0,base,0xd8c95c4acf1167509a7edebb0e6cf930e154a76f,PEAK,goplus,true,false,,,false,false,false,false,false,,false,,PEAK,true,false,CONTRACT_SAFE,
2026-06-21T11:46:03.883Z,57e9fcdf-abca-48f9-bc75-b56c919f4232,1.0.0,base,0x501202b7bc98e8e1ec3e474b2bbf9ad83a741b07,INTENT,goplus,true,false,,,false,false,false,false,false,,false,,LIVEINTENT,true,false,CONTRACT_SAFE,
2026-06-21T11:46:12.755Z,57e9fcdf-abca-48f9-bc75-b56c919f4232,1.0.0,base,0x2253d3c07c90b238a1824807ce676b0605288475,OPL,goplus,true,false,0.00,0.00,false,false,false,false,,false,false,,OpenLayer,true,false,CONTRACT_SAFE,
2026-06-21T11:47:25.194Z,8bed39ab-73f8-4d2d-98c7-f53a5d049624,1.0.0,ethereum,0xb32e612b903fe377a98a9ff46ed9fa7aa522886e,DUSK,goplus,true,false,0.00,0.00,true,false,false,false,false,,true,owner_can_mint,Dusk,true,true,CONTRACT_REJECT,owner_can_mint
2026-06-21T11:47:29.515Z,8bed39ab-73f8-4d2d-98c7-f53a5d049624,1.0.0,ethereum,0x904e26090a0dd76db9d4218b6d6dafb4675fd80f,HOLO,goplus,false,false,0.00,0.00,,,,,,,false,,Holoworld AI,true,true,CONTRACT_SAFE,
2026-06-21T11:47:34.079Z,8bed39ab-73f8-4d2d-98c7-f53a5d049624,1.0.0,ethereum,0xe1991adca75a83ed6b75babcf3a17cc13ba2273a,ROBO,goplus,true,false,0.00,0.00,true,false,false,false,false,false,true,owner_can_mint,Fabric Protocol,true,true,CONTRACT_REJECT,owner_can_mint
2026-06-21T11:47:38.387Z,8bed39ab-73f8-4d2d-98c7-f53a5d049624,1.0.0,ethereum,0x3ce436dd6c26745a95b95a242359debb2b91296d,ONT,goplus,true,false,0.00,0.00,true,false,false,false,false,,true,owner_can_mint,Ontology,true,true,CONTRACT_REJECT,owner_can_mint
2026-06-21T11:47:42.705Z,8bed39ab-73f8-4d2d-98c7-f53a5d049624,1.0.0,ethereum,0x87f689c4d14d1b29790160903dbb2f0781bf783c,FLOW,goplus,true,false,0.00,0.00,true,false,false,false,false,,true,owner_can_mint,Flow,true,true,CONTRACT_REJECT,owner_can_mint
2026-06-21T11:47:47.053Z,8bed39ab-73f8-4d2d-98c7-f53a5d049624,1.0.0,ethereum,0xcf6f93bf836aaa039b735c7bbe733e132a470ebd,MOVE,goplus,true,false,0.00,0.00,true,false,false,false,false,false,true,owner_can_mint,Movement,true,true,CONTRACT_REJECT,owner_can_mint
2026-06-21T11:47:55.572Z,8bed39ab-73f8-4d2d-98c7-f53a5d049624,1.0.0,base,0x4dbb008088399ca6efb09f25cecf6784ce2b8818,MRBASE,goplus,true,false,,,false,false,false,false,,,false,,MR BASE,true,true,CONTRACT_SAFE,
2026-06-21T11:47:59.919Z,8bed39ab-73f8-4d2d-98c7-f53a5d049624,1.0.0,base,0x7e34ea8012a8823da3746fd968d02d9c31c63b07,TRUMP,goplus,true,false,,0.00,false,false,false,false,true,false,false,,TRUMP,true,false,CONTRACT_SAFE,
2026-06-21T11:48:04.239Z,8bed39ab-73f8-4d2d-98c7-f53a5d049624,1.0.0,base,0xd8c95c4acf1167509a7edebb0e6cf930e154a76f,PEAK,goplus,true,false,,,false,false,false,false,false,,false,,PEAK,true,false,CONTRACT_SAFE,
2026-06-21T11:48:08.559Z,8bed39ab-73f8-4d2d-98c7-f53a5d049624,1.0.0,base,0x501202b7bc98e8e1ec3e474b2bbf9ad83a741b07,INTENT,goplus,true,false,,,false,false,false,false,false,,false,,LIVEINTENT,true,false,CONTRACT_SAFE,
2026-06-21T11:48:17.140Z,8bed39ab-73f8-4d2d-98c7-f53a5d049624,1.0.0,base,0x2253d3c07c90b238a1824807ce676b0605288475,OPL,goplus,true,false,0.00,0.00,false,false,false,false,,false,false,,OpenLayer,true,false,CONTRACT_SAFE,
2026-06-21T13:45:33.891Z,37986818-340c-4dfc-b387-654c18536c91,1.0.0,ethereum,0x15a991de041397b0d4aa25e8728f3a2e04f3a721,RAD,goplus,false,false,0.00,0.00,,,,,,,false,,Radworks,true,true,CONTRACT_SAFE,
2026-06-21T13:45:35.816Z,37986818-340c-4dfc-b387-654c18536c91,1.0.0,ethereum,0xeb1d7f8632528087fa833883707c3aa82768e4f7,MTL,goplus,true,false,0.00,0.00,true,false,false,false,false,,true,owner_can_mint,Metal DAO,true,true,CONTRACT_REJECT,owner_can_mint
2026-06-21T13:45:37.792Z,37986818-340c-4dfc-b387-654c18536c91,1.0.0,ethereum,0x14210f59d21a95b950aeb5ab4698e46f9b564fef,AIXBT,goplus,true,false,0.00,0.00,true,false,false,false,false,,true,owner_can_mint,aixbt by Virtuals,true,true,CONTRACT_REJECT,owner_can_mint
2026-06-21T13:45:39.815Z,37986818-340c-4dfc-b387-654c18536c91,1.0.0,ethereum,0xed72eaf90595354210916dbd188d3123378ad3f6,SPELL,goplus,true,false,,,true,false,false,false,false,,true,owner_can_mint,Spell Token,true,true,CONTRACT_REJECT,owner_can_mint
2026-06-21T13:45:41.810Z,37986818-340c-4dfc-b387-654c18536c91,1.0.0,ethereum,0xb04c8579552b7e992d90d98117afa2ff88b02eda,METIS,goplus,true,false,0.00,0.00,true,false,false,false,false,,true,owner_can_mint,MetisDAO,true,true,CONTRACT_REJECT,owner_can_mint
2026-06-21T13:45:43.837Z,37986818-340c-4dfc-b387-654c18536c91,1.0.0,ethereum,0xb6e354fb565cee051d00e1dc67376b06b2b5109d,CVC,goplus,true,false,0.00,0.00,true,false,false,false,false,,true,owner_can_mint,Civic,true,true,CONTRACT_REJECT,owner_can_mint
2026-06-21T13:45:45.834Z,37986818-340c-4dfc-b387-654c18536c91,1.0.0,ethereum,0x582cfc74937c41eec5f7d5038f976ae7ff156539,CTSI,goplus,false,false,0.00,0.00,,,,,,,false,,Cartesi,true,true,CONTRACT_SAFE,
2026-06-21T13:45:47.853Z,37986818-340c-4dfc-b387-654c18536c91,1.0.0,ethereum,0x7e13d0a17ba8e78644583ffa5b5e505d4c5d9159,PNUT,goplus,true,false,0.00,0.00,true,false,false,false,false,,true,owner_can_mint,Peanut the Squirrel,true,true,CONTRACT_REJECT,owner_can_mint
2026-06-21T13:45:49.942Z,37986818-340c-4dfc-b387-654c18536c91,1.0.0,ethereum,0x1c7bfde6ecf29a056dce861bb280263d05962cbf,ONG,goplus,false,false,0.00,0.00,,,,,,,false,,Ontology Gas,true,true,CONTRACT_SAFE,
2026-06-21T13:45:51.944Z,37986818-340c-4dfc-b387-654c18536c91,1.0.0,ethereum,0xca629bfa659b987a046747da0726ee21fd35d15c,ESP,goplus,true,false,0.00,0.00,true,false,false,false,false,,true,owner_can_mint,Espresso,true,true,CONTRACT_REJECT,owner_can_mint
2026-06-21T13:45:53.859Z,37986818-340c-4dfc-b387-654c18536c91,1.0.0,ethereum,0x28d74ff3004e6d7e7f99db54ad07b8383a15d45a,EDU,goplus,,false,,,,,,,,,false,,Open Campus,false,true,CONTRACT_UNKNOWN,
2026-06-21T13:45:55.863Z,37986818-340c-4dfc-b387-654c18536c91,1.0.0,ethereum,0xd318d8ec2eed35f67e2a06e600c620d28907adc6,ALT,goplus,,false,,,,,,,,,false,,AltLayer,false,true,CONTRACT_UNKNOWN,
2026-06-21T13:45:57.864Z,37986818-340c-4dfc-b387-654c18536c91,1.0.0,ethereum,0x1475b20510f0450f98ce4419eefe76d6fa8201ea,AUCTION,goplus,,false,,,,,,,,,false,,Auction,false,true,CONTRACT_UNKNOWN,
2026-06-21T13:45:59.941Z,37986818-340c-4dfc-b387-654c18536c91,1.0.0,ethereum,0xfe8e4dcfbcc873df8a87f33ee100f150c92d5862,AMP,goplus,true,false,0.00,0.00,true,false,false,false,false,,true,owner_can_mint,AMP,true,true,CONTRACT_REJECT,owner_can_mint
2026-06-21T13:46:01.916Z,37986818-340c-4dfc-b387-654c18536c91,1.0.0,ethereum,0xe66a55130eab517e4f1e367381ab68554145b5e9,PEOPLE,goplus,false,false,0.00,0.00,,,,,,,false,,ConstitutionDAO,true,true,CONTRACT_SAFE,
2026-06-21T13:46:03.903Z,37986818-340c-4dfc-b387-654c18536c91,1.0.0,ethereum,0x2658d884d6a34dc3ac7f04282d2a9da7e42d9b03,BANK,goplus,true,false,0.00,0.00,true,false,false,false,false,,true,owner_can_mint,Lorenzo Protocol,true,true,CONTRACT_REJECT,owner_can_mint
2026-06-21T13:46:05.900Z,37986818-340c-4dfc-b387-654c18536c91,1.0.0,base,0x4ab642927e0059ecff629d45ab6f7a438cdc0448,DUCKZ,goplus,true,false,,,false,false,false,false,,,false,,DUCKZILLA,true,false,CONTRACT_SAFE,
2026-06-21T13:46:07.909Z,37986818-340c-4dfc-b387-654c18536c91,1.0.0,base,0x210192d9dcbd093567f3705db75b802ed0b44ba3,ANYSWAP,goplus,true,false,,,false,false,false,false,false,,false,,AnySwap,true,false,CONTRACT_SAFE,
2026-06-21T13:46:09.931Z,37986818-340c-4dfc-b387-654c18536c91,1.0.0,base,0xab2f62ae7563e5c6dda70f9ba37a007d836aed8a,LEGION,goplus,true,false,,,false,false,false,false,,,false,,Legion Agent,true,false,CONTRACT_SAFE,
2026-06-21T13:46:11.925Z,37986818-340c-4dfc-b387-654c18536c91,1.0.0,base,0x5a1e9d868f387032eccc5b36bf5d1ad7d98b2ba3,ASB,goplus,true,false,,,false,false,false,false,false,,false,,AnySwapBot,true,false,CONTRACT_SAFE,
2026-06-21T13:46:13.930Z,37986818-340c-4dfc-b387-654c18536c91,1.0.0,base,0x5508fb891e2369161ef3332c8c94a903d3257777,Taz,goplus,false,,,,,,,,,,false,,Taz,true,false,CONTRACT_SAFE,
2026-06-21T13:46:15.945Z,37986818-340c-4dfc-b387-654c18536c91,1.0.0,base,0x40e8ceb8123948d9d92f41c2e218b075f7f021aa,ABS,goplus,true,false,,,false,false,false,false,,,false,,AnySwap Bot,true,false,CONTRACT_SAFE,
2026-06-21T13:46:17.939Z,37986818-340c-4dfc-b387-654c18536c91,1.0.0,base,0xad234eb14f55e6a456eb1a096b0927956eafeba3,ABS,goplus,true,false,,,false,false,false,false,true,,false,,AnySwap Bot,true,false,CONTRACT_SAFE,
2026-06-21T13:46:19.938Z,37986818-340c-4dfc-b387-654c18536c91,1.0.0,base,0x214926b10ef68cc2ecda051af313e49ee971dba3,ABS,goplus,,,,,,,,,,,false,,AnySwap Bot,false,false,CONTRACT_UNKNOWN,
2026-06-21T13:46:57.653Z,9caef0bf-323b-4b1e-b9a6-440f4208df6b,1.0.0,ethereum,0x886754e057d7efa4fc89e149955167d5d88a1ed0,ANIME,goplus,,false,,,,,,,,,false,,Animecoin,false,true,CONTRACT_UNKNOWN,
2026-06-21T13:46:59.631Z,9caef0bf-323b-4b1e-b9a6-440f4208df6b,1.0.0,ethereum,0x28d74ff3004e6d7e7f99db54ad07b8383a15d45a,EDU,goplus,true,false,0.00,0.00,true,false,false,false,false,,true,owner_can_mint,Open Campus,true,true,CONTRACT_REJECT,owner_can_mint
2026-06-21T13:47:01.644Z,9caef0bf-323b-4b1e-b9a6-440f4208df6b,1.0.0,ethereum,0xd318d8ec2eed35f67e2a06e600c620d28907adc6,ALT,goplus,false,false,0.00,0.00,,,,,,,false,,AltLayer,true,true,CONTRACT_SAFE,
2026-06-21T13:47:03.621Z,9caef0bf-323b-4b1e-b9a6-440f4208df6b,1.0.0,ethereum,0x1475b20510f0450f98ce4419eefe76d6fa8201ea,AUCTION,goplus,true,false,0.00,0.00,true,false,false,false,false,false,true,owner_can_mint,Auction,true,true,CONTRACT_REJECT,owner_can_mint
2026-06-21T13:47:05.642Z,9caef0bf-323b-4b1e-b9a6-440f4208df6b,1.0.0,base,0x214926b10ef68cc2ecda051af313e49ee971dba3,ABS,goplus,true,false,,,false,false,false,false,true,,false,,AnySwap Bot,true,false,CONTRACT_SAFE,
2026-06-21T13:51:11.915Z,3171b33a-5677-47f6-b8d4-a1d98653bad5,1.0.0,ethereum,0x48d2aca515058c349998ab6fe46d6aefd64fdd4a,STRAX,goplus,true,false,0.00,0.00,true,false,false,false,false,,true,owner_can_mint,Xertra,true,true,CONTRACT_REJECT,owner_can_mint
2026-06-21T13:51:13.618Z,3171b33a-5677-47f6-b8d4-a1d98653bad5,1.0.0,ethereum,0x33f395f3904b97594f723a8f5f9ac06641e43ea2,AUDIO,goplus,true,false,0.00,0.00,true,false,false,false,false,,true,owner_can_mint,Audius,true,true,CONTRACT_REJECT,owner_can_mint
2026-06-21T13:51:15.602Z,3171b33a-5677-47f6-b8d4-a1d98653bad5,1.0.0,ethereum,0x99004452e8d7d3d17dc42208b45a3e971271f44a,ONE,goplus,true,false,0.00,0.00,true,false,false,false,false,,true,owner_can_mint,Harmony,true,true,CONTRACT_REJECT,owner_can_mint
2026-06-21T13:51:17.621Z,3171b33a-5677-47f6-b8d4-a1d98653bad5,1.0.0,ethereum,0x886754e057d7efa4fc89e149955167d5d88a1ed0,ANIME,goplus,true,false,0.00,0.00,true,false,false,false,false,,true,owner_can_mint,Animecoin,true,true,CONTRACT_REJECT,owner_can_mint
2026-06-21T13:51:19.664Z,3171b33a-5677-47f6-b8d4-a1d98653bad5,1.0.0,base,0x96a9a03ece8b6c10421f62893f12c069970eb2c3,ABS,goplus,true,false,,,false,false,false,false,,,false,,AnySwap Bot,true,true,CONTRACT_SAFE,
2026-06-21T13:53:11.756Z,46681b8b-7d44-450a-8bfa-e29b61cb6bf7,1.0.0,base,0x953fe88bf7df747817f9c3152912d76e1119b3bf,MaoMao,goplus,true,false,,,false,false,false,false,,,false,,MaoMao,true,false,CONTRACT_SAFE,
2026-06-21T13:56:15.813Z,43b2c100-5f42-448f-99f6-2f7938e6d060,1.0.0,ethereum,0xc49a2c8ab4f1d07bd1ea7eb013618983173d0dff,AQUA,goplus,false,true,0.00,100.00,,,,,,false,true,honeypot_detected,Aqua Life,true,true,CONTRACT_REJECT,honeypot_detected;cannot_sell;sell_tax_100.0pct
2026-06-21T13:56:17.528Z,43b2c100-5f42-448f-99f6-2f7938e6d060,1.0.0,base,0x899005293218b318108cbf165d1c1025ce41dcd3,ABS,goplus,true,false,,,false,false,false,false,,,false,,AnySwap Bot,true,true,CONTRACT_SAFE,
